날짜,연도,월,일,요일,주말여부,공휴일,방학,날씨,날씨_kma_단순,평균기온,최저기온,최고기온,일강수량,강수여부,폭우,일조시간_시간,운영시간_시간,실입장객
2023-01-01,2023,1,1,6,1,1,1,맑음,기타,0.0,-4.0,4.0,0.0,0,0,11.0,11.0,4707
2023-01-02,2023,1,2,0,0,0,1,맑음,기타,-3.5,-7.0,0.0,0.0,0,0,11.0,10.0,1427
2023-01-03,2023,1,3,1,0,0,1,맑음,기타,-4.0,-9.0,1.0,0.0,0,0,11.0,10.0,948
2023-01-04,2023,1,4,2,0,0,1,맑음,기타,-1.5,-6.0,3.0,0.0,0,0,11.0,10.0,1122
2023-01-05,2023,1,5,3,0,0,1,흐림,기타,-1.0,-6.0,4.0,0.0,0,0,11.0,10.0,1356
2023-01-06,2023,1,6,4,0,0,1,비,기타,0.5,-5.0,6.0,0.0,0,0,11.0,11.0,2142
2023-01-07,2023,1,7,5,1,0,1,흐림,기타,1.5,-1.0,4.0,0.0,0,0,11.0,11.0,7155
2023-01-08,2023,1,8,6,1,0,1,흐림,기타,1.0,-4.0,6.0,0.0,0,0,11.0,11.0,4689
2023-01-09,2023,1,9,0,0,0,1,흐림,기타,3.0,-1.0,7.0,0.0,0,0,11.0,10.0,1482
2023-01-10,2023,1,10,1,0,0,1,맑음,기타,2.5,-4.0,9.0,0.0,0,0,11.0,10.0,1683
2023-01-11,2023,1,11,2,0,0,1,맑음,기타,3.5,-2.0,9.0,0.0,0,0,11.0,10.0,1629
2023-01-12,2023,1,12,3,0,0,1,맑음,기타,6.0,-1.0,13.0,0.0,0,0,11.0,10.0,2901
2023-01-13,2023,1,13,4,0,0,1,비,기타,7.5,5.0,10.0,0.0,0,0,11.0,9.0,229
2023-01-14,2023,1,14,5,1,0,1,비,기타,6.0,4.0,8.0,0.0,0,0,11.0,9.0,1102
2023-01-15,2023,1,15,6,1,0,1,눈,기타,0.5,-3.0,4.0,0.0,0,0,11.0,11.0,1965
2023-01-16,2023,1,16,0,0,0,1,흐림,기타,-4.0,-7.0,-1.0,0.0,0,0,11.0,10.0,1355
2023-01-17,2023,1,17,1,0,0,1,흐림,기타,-3.5,-7.0,0.0,0.0,0,0,11.0,10.0,1099
2023-01-18,2023,1,18,2,0,0,1,맑음,기타,-1.5,-5.0,2.0,0.0,0,0,11.0,10.0,1470
2023-01-19,2023,1,19,3,0,0,1,눈,기타,-1.0,-6.0,4.0,0.0,0,0,11.0,10.0,1838
2023-01-20,2023,1,20,4,0,0,1,맑음,기타,-3.0,-8.0,2.0,0.0,0,0,11.0,11.0,1287
2023-01-21,2023,1,21,5,1,1,1,맑음,기타,-4.0,-10.0,2.0,0.0,0,0,11.0,11.0,2083
2023-01-22,2023,1,22,6,1,1,1,눈,기타,0.0,-3.0,3.0,0.0,0,0,11.0,11.0,3073
2023-01-23,2023,1,23,0,0,1,1,흐림,기타,-1.0,-7.0,5.0,0.0,0,0,11.0,10.0,8373
2023-01-24,2023,1,24,1,0,1,1,맑음,기타,-12.0,-17.0,-7.0,0.0,0,0,11.0,8.0,399
2023-01-25,2023,1,25,2,0,0,1,맑음,기타,-11.0,-17.0,-5.0,0.0,0,0,11.0,8.0,269
2023-01-26,2023,1,26,3,0,0,1,눈,기타,-6.0,-9.0,-3.0,0.0,0,0,11.0,9.0,371
2023-01-27,2023,1,27,4,0,0,1,맑음,기타,-7.0,-10.0,-4.0,0.0,0,0,11.0,9.0,1132
2023-01-28,2023,1,28,5,1,0,1,맑음,기타,-6.0,-11.0,-1.0,0.0,0,0,11.0,11.0,8048
2023-01-29,2023,1,29,6,1,0,1,흐림,기타,-1.5,-8.0,5.0,0.0,0,0,11.0,10.0,6313
2023-01-30,2023,1,30,0,0,0,1,맑음,기타,0.0,-4.0,4.0,0.0,0,0,11.0,10.0,1243
2023-01-31,2023,1,31,1,0,0,1,흐림,기타,2.5,-3.0,8.0,0.0,0,0,11.0,10.0,1680
2023-02-01,2023,2,1,2,0,0,1,흐림,기타,1.5,-3.0,6.0,0.0,0,0,11.0,10.0,1186
2023-02-02,2023,2,2,3,0,0,1,흐림,기타,-2.0,-5.0,1.0,0.0,0,0,11.0,10.0,1165
2023-02-03,2023,2,3,4,0,0,1,흐림,기타,-0.5,-4.0,3.0,0.0,0,0,11.0,10.0,1968
2023-02-04,2023,2,4,5,1,0,1,맑음,기타,0.5,-5.0,6.0,0.0,0,0,11.0,10.0,11533
2023-02-05,2023,2,5,6,1,0,1,맑음,기타,2.0,-3.0,7.0,0.0,0,0,11.0,10.0,6453
2023-02-06,2023,2,6,0,0,0,1,흐림,기타,3.5,-2.0,9.0,0.0,0,0,11.0,10.0,1603
2023-02-07,2023,2,7,1,0,0,1,흐림,기타,4.5,-1.0,10.0,0.0,0,0,11.0,10.0,1784
2023-02-08,2023,2,8,2,0,0,1,맑음,기타,3.5,-1.0,8.0,0.0,0,0,11.0,10.0,1998
2023-02-09,2023,2,9,3,0,0,1,흐림,기타,3.5,-3.0,10.0,0.0,0,0,11.0,10.0,2028
2023-02-10,2023,2,10,4,0,0,1,비,기타,3.5,1.0,6.0,0.0,0,0,11.0,10.0,2026
2023-02-11,2023,2,11,5,1,0,1,흐림,기타,4.0,-1.0,9.0,0.0,0,0,11.0,10.0,11635
2023-02-12,2023,2,12,6,1,0,1,흐림,기타,3.5,-1.0,8.0,0.0,0,0,11.0,10.0,6843
2023-02-13,2023,2,13,0,0,0,1,흐림,기타,5.5,3.0,8.0,0.0,0,0,11.0,10.0,2060
2023-02-14,2023,2,14,1,0,0,1,맑음,기타,2.5,-2.0,7.0,0.0,0,0,11.0,10.0,1981
2023-02-15,2023,2,15,2,0,0,1,흐림,기타,4.0,-1.0,9.0,0.0,0,0,11.0,10.0,1893
2023-02-16,2023,2,16,3,0,0,1,흐림,기타,2.0,-1.0,5.0,0.0,0,0,11.0,10.0,2132
2023-02-17,2023,2,17,4,0,0,1,흐림,기타,4.5,-1.0,10.0,0.0,0,0,11.0,10.0,3922
2023-02-18,2023,2,18,5,1,0,1,흐림,기타,5.5,3.0,8.0,0.0,0,0,11.0,10.0,7532
2023-02-19,2023,2,19,6,1,0,1,비,기타,3.0,0.0,6.0,0.0,0,0,11.0,10.0,4812
2023-02-20,2023,2,20,0,0,0,1,맑음,기타,-0.5,-3.0,2.0,0.0,0,0,11.0,10.0,2328
2023-02-21,2023,2,21,1,0,0,1,맑음,기타,0.0,-5.0,5.0,0.0,0,0,11.0,10.0,1751
2023-02-22,2023,2,22,2,0,0,1,흐림,기타,2.0,-4.0,8.0,0.0,0,0,11.0,10.0,2289
2023-02-23,2023,2,23,3,0,0,1,흐림,기타,3.5,-2.0,9.0,0.0,0,0,11.0,10.0,3368
2023-02-24,2023,2,24,4,0,0,1,맑음,기타,4.5,0.0,9.0,0.0,0,0,11.0,10.0,4659
2023-02-25,2023,2,25,5,1,0,1,맑음,기타,1.5,-3.0,6.0,0.0,0,0,11.0,10.0,10402
2023-02-26,2023,2,26,6,1,0,1,맑음,기타,3.0,-3.0,9.0,0.0,0,0,11.0,10.0,9225
2023-02-27,2023,2,27,0,0,0,1,맑음,기타,5.0,-2.0,12.0,0.0,0,0,11.0,10.0,6045
2023-02-28,2023,2,28,1,0,0,1,흐림,기타,4.0,-1.0,9.0,0.0,0,0,11.0,10.0,6027
2023-03-01,2023,3,1,2,0,1,0,흐림,기타,6.0,3.0,9.0,0.0,0,0,11.0,10.0,6223
2023-03-02,2023,3,2,3,0,0,0,맑음,기타,2.5,-2.0,7.0,0.0,0,0,11.0,10.0,547
2023-03-03,2023,3,3,4,0,0,0,흐림,기타,4.0,-2.0,10.0,0.0,0,0,11.0,10.0,545
2023-03-04,2023,3,4,5,1,0,0,흐림,기타,9.0,4.0,14.0,0.0,0,0,11.0,10.0,6063
2023-03-05,2023,3,5,6,1,0,0,맑음,기타,9.0,3.0,15.0,0.0,0,0,11.0,10.0,5821
2023-03-06,2023,3,6,0,0,0,0,맑음,기타,9.5,2.0,17.0,0.0,0,0,11.0,9.0,461
2023-03-07,2023,3,7,1,0,0,0,맑음,기타,12.5,6.0,19.0,0.0,0,0,11.0,9.0,425
2023-03-08,2023,3,8,2,0,0,0,비,기타,12.5,7.0,18.0,0.0,0,0,11.0,9.0,292
2023-03-09,2023,3,9,3,0,0,0,비,기타,10.0,7.0,13.0,0.0,0,0,11.0,9.0,250
2023-03-10,2023,3,10,4,0,0,0,맑음,기타,14.0,6.0,22.0,0.0,0,0,11.0,9.0,1043
2023-03-11,2023,3,11,5,1,0,0,흐림,기타,16.5,10.0,23.0,0.0,0,0,11.0,11.0,10580
2023-03-12,2023,3,12,6,1,0,0,비,기타,7.0,1.0,13.0,0.0,0,0,11.0,8.0,317
2023-03-13,2023,3,13,0,0,0,0,흐림,기타,3.0,-2.0,8.0,0.0,0,0,11.0,10.0,386
2023-03-14,2023,3,14,1,0,0,0,흐림,기타,9.0,3.0,15.0,0.0,0,0,11.0,10.0,515
2023-03-15,2023,3,15,2,0,0,0,흐림,기타,9.0,4.0,14.0,0.0,0,0,11.0,10.0,445
2023-03-16,2023,3,16,3,0,0,0,흐림,기타,4.5,0.0,9.0,0.0,0,0,11.0,10.0,524
2023-03-17,2023,3,17,4,0,0,0,흐림,기타,7.0,1.0,13.0,0.0,0,0,11.0,11.0,935
2023-03-18,2023,3,18,5,1,0,0,맑음,기타,8.5,3.0,14.0,0.0,0,0,11.0,11.0,10402
2023-03-19,2023,3,19,6,1,0,0,맑음,기타,8.5,2.0,15.0,0.0,0,0,11.0,11.0,8255
2023-03-20,2023,3,20,0,0,0,0,흐림,기타,10.0,3.0,17.0,0.0,0,0,11.0,10.0,677
2023-03-21,2023,3,21,1,0,0,0,맑음,기타,13.5,5.0,22.0,0.0,0,0,11.0,10.0,715
2023-03-22,2023,3,22,2,0,0,0,흐림,기타,17.0,9.0,25.0,0.0,0,0,11.0,10.0,860
2023-03-23,2023,3,23,3,0,0,0,비,기타,17.5,12.0,23.0,0.0,0,0,11.0,10.0,761
2023-03-24,2023,3,24,4,0,0,0,흐림,기타,13.0,8.0,18.0,0.0,0,0,11.0,11.0,1572
2023-03-25,2023,3,25,5,1,0,0,흐림,기타,13.5,8.0,19.0,0.0,0,0,11.0,11.0,12994
2023-03-26,2023,3,26,6,1,0,0,맑음,기타,9.5,5.0,14.0,0.0,0,0,11.0,11.0,11184
2023-03-27,2023,3,27,0,0,0,0,맑음,기타,8.5,2.0,15.0,0.0,0,0,11.0,11.0,1154
2023-03-28,2023,3,28,1,0,0,0,흐림,기타,9.5,3.0,16.0,0.0,0,0,11.0,11.0,898
2023-03-29,2023,3,29,2,0,0,0,맑음,기타,12.5,5.0,20.0,0.0,0,0,11.0,11.0,1278
2023-03-30,2023,3,30,3,0,0,0,맑음,기타,13.5,6.0,21.0,0.0,0,0,11.0,11.0,1853
2023-03-31,2023,3,31,4,0,0,0,맑음,기타,16.0,8.0,24.0,0.0,0,0,11.0,12.0,4027
2023-04-01,2023,4,1,5,1,0,0,맑음,기타,17.5,9.0,26.0,0.0,0,0,11.0,12.5,15226
2023-04-02,2023,4,2,6,1,0,0,맑음,기타,18.5,12.0,25.0,0.0,0,0,11.0,12.5,12085
2023-04-03,2023,4,3,0,0,0,0,흐림,기타,18.5,11.0,26.0,0.0,0,0,11.0,11.0,3003
2023-04-04,2023,4,4,1,0,0,0,비,기타,17.5,13.0,22.0,0.0,0,0,11.0,11.0,1292
2023-04-05,2023,4,5,2,0,0,0,비,기타,12.0,9.0,15.0,0.0,0,0,11.0,7.0,243
2023-04-06,2023,4,6,3,0,0,0,비,기타,8.5,7.0,10.0,0.0,0,0,11.0,10.0,785
2023-04-07,2023,4,7,4,0,0,0,맑음,기타,10.5,5.0,16.0,0.0,0,0,11.0,12.0,4172
2023-04-08,2023,4,8,5,1,0,0,맑음,기타,9.0,3.0,15.0,0.0,0,0,11.0,12.5,10546
2023-04-09,2023,4,9,6,1,0,0,맑음,기타,11.0,4.0,18.0,0.0,0,0,11.0,12.5,8821
2023-04-10,2023,4,10,0,0,0,0,흐림,기타,12.5,6.0,19.0,0.0,0,0,11.0,11.0,2002
2023-04-11,2023,4,11,1,0,0,0,비,기타,13.0,9.0,17.0,0.0,0,0,11.0,9.0,385
2023-04-12,2023,4,12,2,0,0,0,맑음,기타,10.0,5.0,15.0,0.0,0,0,11.0,11.0,1606
2023-04-13,2023,4,13,3,0,0,0,흐림,기타,11.0,5.0,17.0,0.0,0,0,11.0,11.0,2487
2023-04-14,2023,4,14,4,0,0,0,흐림,기타,16.5,12.0,21.0,0.0,0,0,11.0,12.0,3943
2023-04-15,2023,4,15,5,1,0,0,비,기타,13.0,9.0,17.0,0.0,0,0,11.0,12.5,4784
2023-04-16,2023,4,16,6,1,0,0,비,기타,12.0,8.0,16.0,0.0,0,0,11.0,12.5,6342
2023-04-17,2023,4,17,0,0,0,0,비,기타,12.5,7.0,18.0,0.0,0,0,11.0,11.0,3467
2023-04-18,2023,4,18,1,0,0,0,비,기타,14.5,11.0,18.0,0.0,0,0,11.0,10.0,900
2023-04-19,2023,4,19,2,0,0,0,맑음,기타,20.0,12.0,28.0,0.0,0,0,11.0,11.0,3689
2023-04-20,2023,4,20,3,0,0,0,비,기타,17.0,15.0,19.0,0.0,0,0,11.0,11.0,3471
2023-04-21,2023,4,21,4,0,0,0,흐림,기타,17.0,11.0,23.0,0.0,0,0,11.0,12.0,6683
2023-04-22,2023,4,22,5,1,0,0,흐림,기타,17.5,12.0,23.0,0.0,0,0,11.0,12.5,16264
2023-04-23,2023,4,23,6,1,0,0,흐림,기타,16.5,11.0,22.0,0.0,0,0,11.0,12.5,10861
2023-04-24,2023,4,24,0,0,0,0,흐림,기타,16.5,12.0,21.0,0.0,0,0,11.0,11.0,3832
2023-04-25,2023,4,25,1,0,0,0,비,기타,11.0,9.0,13.0,0.0,0,0,11.0,9.0,2384
2023-04-26,2023,4,26,2,0,0,0,흐림,기타,10.5,7.0,14.0,0.0,0,0,11.0,11.0,3560
2023-04-27,2023,4,27,3,0,0,0,맑음,기타,12.5,5.0,20.0,0.0,0,0,11.0,11.0,5389
2023-04-28,2023,4,28,4,0,0,0,비,기타,15.0,9.0,21.0,0.0,0,0,11.0,12.0,8177
2023-04-29,2023,4,29,5,1,0,0,비,기타,13.0,10.0,16.0,0.0,0,0,11.0,12.5,4117
2023-04-30,2023,4,30,6,1,0,0,비,기타,13.0,8.0,18.0,0.0,0,0,11.0,12.5,15912
2023-05-01,2023,5,1,0,0,0,0,흐림,기타,15.5,10.0,21.0,0.0,0,0,11.0,12.5,17890
2023-05-02,2023,5,2,1,0,0,0,흐림,기타,16.5,9.0,24.0,0.0,0,0,11.0,11.0,4998
2023-05-03,2023,5,3,2,0,0,0,흐림,기타,19.0,12.0,26.0,0.0,0,0,11.0,11.0,6390
2023-05-04,2023,5,4,3,0,0,0,흐림,기타,21.0,16.0,26.0,0.0,0,0,11.0,11.5,10019
2023-05-05,2023,5,5,4,0,1,0,비,기타,19.0,16.0,22.0,0.0,0,0,11.0,10.5,949
2023-05-06,2023,5,6,5,1,0,0,비,기타,14.0,12.0,16.0,0.0,0,0,11.0,10.5,1231
2023-05-07,2023,5,7,6,1,0,0,비,기타,15.0,11.0,19.0,0.0,0,0,11.0,12.5,6674
2023-05-08,2023,5,8,0,0,0,0,맑음,기타,15.0,8.0,22.0,0.0,0,0,11.0,11.5,3718
2023-05-09,2023,5,9,1,0,0,0,맑음,기타,17.0,10.0,24.0,0.0,0,0,11.0,11.0,2591
2023-05-10,2023,5,10,2,0,0,0,흐림,기타,18.5,11.0,26.0,0.0,0,0,11.0,11.0,3149
2023-05-11,2023,5,11,3,0,0,0,흐림,기타,20.0,13.0,27.0,0.0,0,0,11.0,11.0,4613
2023-05-12,2023,5,12,4,0,0,0,흐림,기타,19.0,13.0,25.0,0.0,0,0,11.0,12.0,11433
2023-05-13,2023,5,13,5,1,0,0,흐림,기타,18.5,13.0,24.0,0.0,0,0,11.0,12.5,15951
2023-05-14,2023,5,14,6,1,0,0,맑음,기타,18.5,13.0,24.0,0.0,0,0,11.0,12.5,11856
2023-05-15,2023,5,15,0,0,0,0,맑음,기타,20.5,13.0,28.0,0.0,0,0,11.0,11.0,3380
2023-05-16,2023,5,16,1,0,0,0,맑음,기타,24.0,17.0,31.0,0.0,0,0,11.0,11.0,3936
2023-05-17,2023,5,17,2,0,0,0,흐림,기타,24.0,19.0,29.0,0.0,0,0,11.0,11.0,3597
2023-05-18,2023,5,18,3,0,0,0,비,기타,23.5,19.0,28.0,0.0,0,0,11.0,11.0,3575
2023-05-19,2023,5,19,4,0,0,0,맑음,기타,22.5,17.0,28.0,0.0,0,0,11.0,12.0,8338
2023-05-20,2023,5,20,5,1,0,0,흐림,기타,22.0,17.0,27.0,0.0,0,0,11.0,12.5,15884
2023-05-21,2023,5,21,6,1,0,0,흐림,기타,18.5,15.0,22.0,0.0,0,0,11.0,12.5,8977
2023-05-22,2023,5,22,0,0,0,0,흐림,기타,21.5,16.0,27.0,0.0,0,0,11.0,11.0,3209
2023-05-23,2023,5,23,1,0,0,0,비,기타,20.5,14.0,27.0,0.0,0,0,11.0,11.0,2889
2023-05-24,2023,5,24,2,0,0,0,흐림,기타,20.5,15.0,26.0,0.0,0,0,11.0,11.0,3729
2023-05-25,2023,5,25,3,0,0,0,흐림,기타,21.5,16.0,27.0,0.0,0,0,11.0,11.0,5368
2023-05-26,2023,5,26,4,0,0,0,흐림,기타,21.5,16.0,27.0,0.0,0,0,11.0,12.0,4188
2023-05-27,2023,5,27,5,1,1,0,비,기타,20.0,19.0,21.0,0.0,0,0,11.0,11.5,3840
2023-05-28,2023,5,28,6,1,0,0,비,기타,19.0,18.0,20.0,0.0,0,0,11.0,9.5,532
2023-05-29,2023,5,29,0,0,1,0,비,기타,24.0,19.0,29.0,0.0,0,0,11.0,12.5,10394
2023-05-30,2023,5,30,1,0,0,0,비,기타,25.0,21.0,29.0,0.0,0,0,11.0,11.0,2462
2023-05-31,2023,5,31,2,0,0,0,흐림,기타,23.5,19.0,28.0,0.0,0,0,11.0,11.0,2523
2023-06-01,2023,6,1,3,0,0,0,흐림,기타,23.0,20.0,26.0,0.0,0,0,11.0,11.0,3630
2023-06-02,2023,6,2,4,0,0,0,흐림,기타,21.5,18.0,25.0,0.0,0,0,11.0,12.0,7046
2023-06-03,2023,6,3,5,1,0,0,맑음,기타,22.5,17.0,28.0,0.0,0,0,11.0,12.5,23868
2023-06-04,2023,6,4,6,1,0,0,흐림,기타,22.5,17.0,28.0,0.0,0,0,11.0,12.5,22761
2023-06-05,2023,6,5,0,0,0,0,흐림,기타,22.0,18.0,26.0,0.0,0,0,11.0,12.0,17132
2023-06-06,2023,6,6,1,0,1,0,비,기타,21.0,17.0,25.0,0.0,0,0,11.0,12.5,13029
2023-06-07,2023,6,7,2,0,0,0,흐림,기타,22.5,19.0,26.0,0.0,0,0,11.0,11.0,3483
2023-06-08,2023,6,8,3,0,0,0,비,기타,21.0,18.0,24.0,0.0,0,0,11.0,11.0,1477
2023-06-09,2023,6,9,4,0,0,0,흐림,기타,23.0,18.0,28.0,0.0,0,0,11.0,12.0,3212
2023-06-10,2023,6,10,5,1,0,0,비,기타,24.5,20.0,29.0,0.0,0,0,11.0,12.5,6291
2023-06-11,2023,6,11,6,1,0,0,비,기타,22.5,18.0,27.0,0.0,0,0,11.0,12.5,5635
2023-06-12,2023,6,12,0,0,0,0,비,기타,23.0,18.0,28.0,0.0,0,0,11.0,11.0,1659
2023-06-13,2023,6,13,1,0,0,0,흐림,기타,22.5,19.0,26.0,0.0,0,0,11.0,11.0,1406
2023-06-14,2023,6,14,2,0,0,0,비,기타,21.5,18.0,25.0,0.0,0,0,11.0,11.0,1484
2023-06-15,2023,6,15,3,0,0,0,비,기타,23.0,18.0,28.0,0.0,0,0,11.0,11.0,1631
2023-06-16,2023,6,16,4,0,0,0,맑음,기타,24.0,19.0,29.0,0.0,0,0,11.0,12.0,2878
2023-06-17,2023,6,17,5,1,0,0,흐림,기타,24.5,19.0,30.0,0.0,0,0,11.0,12.5,10217
2023-06-18,2023,6,18,6,1,0,0,흐림,기타,27.0,21.0,33.0,0.0,0,0,11.0,12.5,5676
2023-06-19,2023,6,19,0,0,0,0,흐림,기타,28.5,23.0,34.0,0.0,0,0,11.0,11.0,949
2023-06-20,2023,6,20,1,0,0,0,비,기타,23.5,21.0,26.0,0.0,0,0,11.0,11.0,1044
2023-06-21,2023,6,21,2,0,0,0,비,기타,20.5,19.0,22.0,0.0,0,0,11.0,11.0,564
2023-06-22,2023,6,22,3,0,0,0,비,기타,22.5,19.0,26.0,0.0,0,0,11.0,11.0,1505
2023-06-23,2023,6,23,4,0,0,0,흐림,기타,25.0,20.0,30.0,0.0,0,0,11.0,12.0,2318
2023-06-24,2023,6,24,5,1,0,0,맑음,기타,26.5,22.0,31.0,0.0,0,0,11.0,12.5,10708
2023-06-25,2023,6,25,6,1,0,0,흐림,기타,28.0,23.0,33.0,0.0,0,0,11.0,12.5,5821
2023-06-26,2023,6,26,0,0,0,0,비,기타,25.0,22.0,28.0,0.0,0,0,11.0,8.0,76
2023-06-27,2023,6,27,1,0,0,0,흐림,기타,25.0,21.0,29.0,0.0,0,0,11.0,11.0,985
2023-06-28,2023,6,28,2,0,0,0,비,기타,27.0,24.0,30.0,0.0,0,0,11.0,11.0,877
2023-06-29,2023,6,29,3,0,0,0,비,기타,24.5,23.0,26.0,0.0,0,0,11.0,8.0,109
2023-06-30,2023,6,30,4,0,0,0,비,기타,26.0,23.0,29.0,0.0,0,0,11.0,12.0,1485
2023-07-01,2023,7,1,5,1,0,1,맑음,기타,28.0,23.0,33.0,0.0,0,0,11.0,12.5,5676
2023-07-02,2023,7,2,6,1,0,1,흐림,기타,27.5,24.0,31.0,0.0,0,0,11.0,12.5,4004
2023-07-03,2023,7,3,0,0,0,1,흐림,기타,29.5,24.0,35.0,0.0,0,0,11.0,11.0,549
2023-07-04,2023,7,4,1,0,0,1,비,기타,27.0,25.0,29.0,0.0,0,0,11.0,8.0,572
2023-07-05,2023,7,5,2,0,0,1,비,기타,24.5,22.0,27.0,0.0,0,0,11.0,11.0,886
2023-07-06,2023,7,6,3,0,0,1,흐림,기타,27.0,22.0,32.0,0.0,0,0,11.0,11.0,871
2023-07-07,2023,7,7,4,0,0,1,흐림,기타,27.0,23.0,31.0,0.0,0,0,11.0,12.0,2063
2023-07-08,2023,7,8,5,1,0,1,흐림,기타,26.0,22.0,30.0,0.0,0,0,11.0,12.5,15064
2023-07-09,2023,7,9,6,1,0,1,비,기타,24.5,22.0,27.0,0.0,0,0,11.0,12.5,7132
2023-07-10,2023,7,10,0,0,0,1,비,기타,27.0,23.0,31.0,0.0,0,0,11.0,11.0,458
2023-07-11,2023,7,11,1,0,0,1,비,기타,24.0,22.0,26.0,0.0,0,0,11.0,8.0,52
2023-07-12,2023,7,12,2,0,0,1,비,기타,25.5,22.0,29.0,0.0,0,0,11.0,11.0,811
2023-07-13,2023,7,13,3,0,0,1,비,기타,26.0,25.0,27.0,0.0,0,0,11.0,8.0,120
2023-07-14,2023,7,14,4,0,0,1,비,기타,24.5,24.0,25.0,0.0,0,0,11.0,7.0,224
2023-07-15,2023,7,15,5,1,0,1,비,기타,25.0,24.0,26.0,0.0,0,0,11.0,9.5,862
2023-07-16,2023,7,16,6,1,0,1,비,기타,24.5,24.0,25.0,0.0,0,0,11.0,12.5,2366
2023-07-17,2023,7,17,0,0,0,1,비,기타,26.0,24.0,28.0,0.0,0,0,11.0,11.0,608
2023-07-18,2023,7,18,1,0,0,1,비,기타,26.0,24.0,28.0,0.0,0,0,11.0,8.0,128
2023-07-19,2023,7,19,2,0,0,1,맑음,기타,27.5,23.0,32.0,0.0,0,0,11.0,11.0,1069
2023-07-20,2023,7,20,3,0,0,1,흐림,기타,28.5,24.0,33.0,0.0,0,0,11.0,11.0,1326
2023-07-21,2023,7,21,4,0,0,1,기타,기타,29.5,25.0,34.0,0.0,0,0,11.0,12.0,1985
2023-07-22,2023,7,22,5,1,0,1,비,기타,29.0,25.0,33.0,0.0,0,0,11.0,12.5,3286
2023-07-23,2023,7,23,6,1,0,1,비,기타,25.5,25.0,26.0,0.0,0,0,11.0,10.5,450
2023-07-24,2023,7,24,0,0,0,1,비,기타,27.5,25.0,30.0,0.0,0,0,11.0,12.0,1417
2023-07-25,2023,7,25,1,0,0,1,비,기타,28.5,26.0,31.0,0.0,0,0,11.0,12.0,1161
2023-07-26,2023,7,26,2,0,0,1,비,기타,28.0,25.0,31.0,0.0,0,0,11.0,12.0,1564
2023-07-27,2023,7,27,3,0,0,1,비,기타,28.0,24.0,32.0,0.0,0,0,11.0,12.0,2405
2023-07-28,2023,7,28,4,0,0,1,흐림,기타,29.5,25.0,34.0,0.0,0,0,11.0,12.0,2824
2023-07-29,2023,7,29,5,1,0,1,흐림,기타,29.5,26.0,33.0,0.0,0,0,11.0,12.5,6414
2023-07-30,2023,7,30,6,1,0,1,비,기타,30.0,25.0,35.0,0.0,0,0,11.0,12.5,4911
2023-07-31,2023,7,31,0,0,0,1,흐림,기타,29.5,26.0,33.0,0.0,0,0,11.0,12.0,4563
2023-08-01,2023,8,1,1,0,0,1,흐림,기타,30.0,26.0,34.0,0.0,0,0,11.0,12.0,3471
2023-08-02,2023,8,2,2,0,0,1,흐림,기타,30.5,27.0,34.0,0.0,0,0,11.0,12.0,3536
2023-08-03,2023,8,3,3,0,0,1,흐림,기타,30.0,26.0,34.0,0.0,0,0,11.0,12.0,3026
2023-08-04,2023,8,4,4,0,0,1,흐림,기타,30.5,27.0,34.0,0.0,0,0,11.0,12.0,2968
2023-08-05,2023,8,5,5,1,0,1,흐림,기타,30.5,26.0,35.0,0.0,0,0,11.0,12.5,4013
2023-08-06,2023,8,6,6,1,0,1,비,기타,30.0,27.0,33.0,0.0,0,0,11.0,12.5,2435
2023-08-07,2023,8,7,0,0,0,1,흐림,기타,31.0,27.0,35.0,0.0,0,0,11.0,12.0,1202
2023-08-08,2023,8,8,1,0,0,1,맑음,기타,31.0,26.0,36.0,0.0,0,0,11.0,12.0,1404
2023-08-09,2023,8,9,2,0,0,1,흐림,기타,28.5,25.0,32.0,0.0,0,0,11.0,12.0,1319
2023-08-10,2023,8,10,3,0,0,1,비,기타,23.0,21.0,25.0,0.0,0,0,11.0,4.0,1
2023-08-11,2023,8,11,4,0,0,1,비,기타,23.5,22.0,25.0,0.0,0,0,11.0,11.0,719
2023-08-12,2023,8,12,5,1,0,1,비,기타,23.5,23.0,24.0,0.0,0,0,11.0,12.5,7126
2023-08-13,2023,8,13,6,1,0,1,흐림,기타,27.0,23.0,31.0,0.0,0,0,11.0,12.5,9584
2023-08-14,2023,8,14,0,0,0,1,흐림,기타,28.5,25.0,32.0,0.0,0,0,11.0,12.0,6539
2023-08-15,2023,8,15,1,0,1,1,흐림,기타,29.0,25.0,33.0,0.0,0,0,11.0,12.5,7493
2023-08-16,2023,8,16,2,0,0,1,흐림,기타,28.5,25.0,32.0,0.0,0,0,11.0,12.0,1608
2023-08-17,2023,8,17,3,0,0,1,흐림,기타,28.5,25.0,32.0,0.0,0,0,11.0,12.0,1512
2023-08-18,2023,8,18,4,0,0,1,흐림,기타,29.5,26.0,33.0,0.0,0,0,11.0,12.0,1800
2023-08-19,2023,8,19,5,1,0,1,흐림,기타,30.0,26.0,34.0,0.0,0,0,11.0,12.5,12585
2023-08-20,2023,8,20,6,1,0,1,흐림,기타,29.0,26.0,32.0,0.0,0,0,11.0,12.5,5235
2023-08-21,2023,8,21,0,0,0,1,흐림,기타,30.0,26.0,34.0,0.0,0,0,11.0,11.0,1183
2023-08-22,2023,8,22,1,0,0,1,비,기타,29.0,26.0,32.0,0.0,0,0,11.0,9.0,233
2023-08-23,2023,8,23,2,0,0,1,비,기타,25.0,23.0,27.0,0.0,0,0,11.0,7.0,30
2023-08-24,2023,8,24,3,0,0,1,비,기타,25.0,22.0,28.0,0.0,0,0,11.0,11.0,390
2023-08-25,2023,8,25,4,0,0,1,비,기타,27.0,24.0,30.0,0.0,0,0,11.0,12.0,2473
2023-08-26,2023,8,26,5,1,0,1,흐림,기타,26.5,23.0,30.0,0.0,0,0,11.0,12.5,9649
2023-08-27,2023,8,27,6,1,0,1,흐림,기타,26.5,23.0,30.0,0.0,0,0,11.0,11.5,7344
2023-08-28,2023,8,28,0,0,0,1,비,기타,23.5,21.0,26.0,0.0,0,0,11.0,7.0,60
2023-08-29,2023,8,29,1,0,0,1,비,기타,24.5,23.0,26.0,0.0,0,0,11.0,7.0,26
2023-08-30,2023,8,30,2,0,0,1,비,기타,23.5,22.0,25.0,0.0,0,0,11.0,8.0,246
2023-08-31,2023,8,31,3,0,0,1,흐림,기타,25.0,21.0,29.0,0.0,0,0,11.0,11.0,1448
2023-09-01,2023,9,1,4,0,0,0,맑음,기타,25.0,20.0,30.0,0.0,0,0,11.0,12.0,2785
2023-09-02,2023,9,2,5,1,0,0,흐림,기타,25.5,20.0,31.0,0.0,0,0,11.0,12.5,21567
2023-09-03,2023,9,3,6,1,0,0,비,기타,26.0,23.0,29.0,0.0,0,0,11.0,12.5,15001
2023-09-04,2023,9,4,0,0,0,0,비,기타,27.0,24.0,30.0,0.0,0,0,11.0,11.0,2528
2023-09-05,2023,9,5,1,0,0,0,비,기타,29.0,25.0,33.0,0.0,0,0,11.0,11.0,1230
2023-09-06,2023,9,6,2,0,0,0,맑음,기타,28.0,24.0,32.0,0.0,0,0,11.0,11.0,1780
2023-09-07,2023,9,7,3,0,0,0,맑음,기타,26.5,21.0,32.0,0.0,0,0,11.0,11.0,2759
2023-09-08,2023,9,8,4,0,0,0,맑음,기타,25.5,20.0,31.0,0.0,0,0,11.0,12.0,2765
2023-09-09,2023,9,9,5,1,0,0,흐림,기타,26.0,21.0,31.0,0.0,0,0,11.0,12.5,15586
2023-09-10,2023,9,10,6,1,0,0,흐림,기타,26.0,22.0,30.0,0.0,0,0,11.0,12.5,11230
2023-09-11,2023,9,11,0,0,0,0,흐림,기타,26.5,23.0,30.0,0.0,0,0,11.0,11.0,1831
2023-09-12,2023,9,12,1,0,0,0,흐림,기타,26.0,22.0,30.0,0.0,0,0,11.0,11.0,1416
2023-09-13,2023,9,13,2,0,0,0,비,기타,22.5,20.0,25.0,0.0,0,0,11.0,8.0,1517
2023-09-14,2023,9,14,3,0,0,0,흐림,기타,23.0,19.0,27.0,0.0,0,0,11.0,11.0,2543
2023-09-15,2023,9,15,4,0,0,0,비,기타,22.0,20.0,24.0,0.0,0,0,11.0,9.0,2146
2023-09-16,2023,9,16,5,1,0,0,비,기타,24.5,22.0,27.0,0.0,0,0,11.0,12.5,6852
2023-09-17,2023,9,17,6,1,0,0,비,기타,25.0,22.0,28.0,0.0,0,0,11.0,12.5,6287
2023-09-18,2023,9,18,0,0,0,0,비,기타,25.5,22.0,29.0,0.0,0,0,11.0,11.0,2894
2023-09-19,2023,9,19,1,0,0,0,흐림,기타,24.5,22.0,27.0,0.0,0,0,11.0,11.0,1459
2023-09-20,2023,9,20,2,0,0,0,비,기타,21.5,19.0,24.0,0.0,0,0,11.0,8.0,497
2023-09-21,2023,9,21,3,0,0,0,흐림,기타,21.0,18.0,24.0,0.0,0,0,11.0,11.0,3495
2023-09-22,2023,9,22,4,0,0,0,맑음,기타,21.0,15.0,27.0,0.0,0,0,11.0,12.0,6381
2023-09-23,2023,9,23,5,1,0,0,흐림,기타,22.0,16.0,28.0,0.0,0,0,11.0,12.5,18758
2023-09-24,2023,9,24,6,1,0,0,흐림,기타,22.0,18.0,26.0,0.0,0,0,11.0,12.5,10935
2023-09-25,2023,9,25,0,0,0,0,비,기타,22.0,18.0,26.0,0.0,0,0,11.0,11.0,2275
2023-09-26,2023,9,26,1,0,0,0,비,기타,20.0,19.0,21.0,0.0,0,0,11.0,9.0,1072
2023-09-27,2023,9,27,2,0,0,0,비,기타,22.0,20.0,24.0,0.0,0,0,11.0,11.0,1267
2023-09-28,2023,9,28,3,0,1,0,흐림,기타,23.5,20.0,27.0,0.0,0,0,11.0,12.5,13032
2023-09-29,2023,9,29,4,0,1,0,흐림,기타,22.0,17.0,27.0,0.0,0,0,11.0,12.5,13741
2023-09-30,2023,9,30,5,1,1,0,비,기타,19.5,17.0,22.0,0.0,0,0,11.0,12.5,12315
2023-10-01,2023,10,1,6,1,0,0,맑음,기타,19.0,14.0,24.0,0.0,0,0,11.0,12.5,20086
2023-10-02,2023,10,2,0,0,1,0,맑음,기타,19.0,13.0,25.0,0.0,0,0,11.0,12.5,23822
2023-10-03,2023,10,3,1,0,1,0,흐림,기타,18.5,14.0,23.0,0.0,0,0,11.0,12.5,11245
2023-10-04,2023,10,4,2,0,0,0,비,기타,18.5,14.0,23.0,0.0,0,0,11.0,11.0,2428
2023-10-05,2023,10,5,3,0,0,0,맑음,기타,14.5,10.0,19.0,0.0,0,0,11.0,11.0,3724
2023-10-06,2023,10,6,4,0,0,0,흐림,기타,16.0,10.0,22.0,0.0,0,0,11.0,12.0,6802
2023-10-07,2023,10,7,5,1,0,0,흐림,기타,16.5,12.0,21.0,0.0,0,0,11.0,12.5,12061
2023-10-08,2023,10,8,6,1,0,0,비,기타,17.5,15.0,20.0,0.0,0,0,11.0,12.5,17256
2023-10-09,2023,10,9,0,0,1,0,비,기타,18.0,14.0,22.0,0.0,0,0,11.0,12.5,10315
2023-10-10,2023,10,10,1,0,0,0,맑음,기타,18.0,12.0,24.0,0.0,0,0,11.0,11.0,2356
2023-10-11,2023,10,11,2,0,0,0,맑음,기타,18.5,13.0,24.0,0.0,0,0,11.0,11.0,4064
2023-10-12,2023,10,12,3,0,0,0,흐림,기타,18.0,12.0,24.0,0.0,0,0,11.0,11.0,5103
2023-10-13,2023,10,13,4,0,0,0,흐림,기타,18.0,14.0,22.0,0.0,0,0,11.0,12.0,8224
2023-10-14,2023,10,14,5,1,0,0,비,기타,15.5,13.0,18.0,0.0,0,0,11.0,12.5,6893
2023-10-15,2023,10,15,6,1,0,0,맑음,기타,16.0,11.0,21.0,0.0,0,0,11.0,12.5,13757
2023-10-16,2023,10,16,0,0,0,0,맑음,기타,15.5,11.0,20.0,0.0,0,0,11.0,11.0,5628
2023-10-17,2023,10,17,1,0,0,0,맑음,기타,14.5,8.0,21.0,0.0,0,0,11.0,11.0,5316
2023-10-18,2023,10,18,2,0,0,0,흐림,기타,15.5,9.0,22.0,0.0,0,0,11.0,11.0,6501
2023-10-19,2023,10,19,3,0,0,0,비,기타,17.0,15.0,19.0,0.0,0,0,11.0,11.0,3687
2023-10-20,2023,10,20,4,0,0,0,맑음,기타,11.0,7.0,15.0,0.0,0,0,11.0,12.0,9379
2023-10-21,2023,10,21,5,1,0,0,맑음,기타,11.5,6.0,17.0,0.0,0,0,11.0,12.5,17351
2023-10-22,2023,10,22,6,1,0,0,흐림,기타,12.0,5.0,19.0,0.0,0,0,11.0,12.5,11212
2023-10-23,2023,10,23,0,0,0,0,흐림,기타,16.0,11.0,21.0,0.0,0,0,11.0,11.0,3170
2023-10-24,2023,10,24,1,0,0,0,비,기타,15.0,11.0,19.0,0.0,0,0,11.0,11.0,3679
2023-10-25,2023,10,25,2,0,0,0,흐림,기타,17.5,13.0,22.0,0.0,0,0,11.0,11.0,5031
2023-10-26,2023,10,26,3,0,0,0,비,기타,18.0,15.0,21.0,0.0,0,0,11.0,11.0,6364
2023-10-27,2023,10,27,4,0,0,0,흐림,기타,16.5,13.0,20.0,0.0,0,0,11.0,12.0,8120
2023-10-28,2023,10,28,5,1,0,0,맑음,기타,15.0,9.0,21.0,0.0,0,0,11.0,12.5,16516
2023-10-29,2023,10,29,6,1,0,0,맑음,기타,16.0,10.0,22.0,0.0,0,0,11.0,12.5,12221
2023-10-30,2023,10,30,0,0,0,0,맑음,기타,16.0,10.0,22.0,0.0,0,0,11.0,11.0,3543
2023-10-31,2023,10,31,1,0,0,0,흐림,기타,17.0,13.0,21.0,0.0,0,0,11.0,11.0,2721
2023-11-01,2023,11,1,2,0,0,0,비,기타,19.0,17.0,21.0,0.0,0,0,11.0,11.0,4284
2023-11-02,2023,11,2,3,0,0,0,흐림,기타,22.5,19.0,26.0,0.0,0,0,11.0,11.0,4595
2023-11-03,2023,11,3,4,0,0,0,비,기타,20.0,18.0,22.0,0.0,0,0,11.0,12.0,4125
2023-11-04,2023,11,4,5,1,0,0,흐림,기타,17.5,14.0,21.0,0.0,0,0,11.0,12.5,16473
2023-11-05,2023,11,5,6,1,0,0,비,기타,17.5,15.0,20.0,0.0,0,0,11.0,9.5,722
2023-11-06,2023,11,6,0,0,0,0,비,기타,13.0,7.0,19.0,0.0,0,0,11.0,9.0,510
2023-11-07,2023,11,7,1,0,0,0,맑음,기타,7.0,4.0,10.0,0.0,0,0,11.0,9.0,1190
2023-11-08,2023,11,8,2,0,0,0,흐림,기타,9.0,2.0,16.0,0.0,0,0,11.0,9.0,1648
2023-11-09,2023,11,9,3,0,0,0,비,기타,12.0,6.0,18.0,0.0,0,0,11.0,9.0,1911
2023-11-10,2023,11,10,4,0,0,0,맑음,기타,5.0,1.0,9.0,0.0,0,0,11.0,10.0,3247
2023-11-11,2023,11,11,5,1,0,0,맑음,기타,2.5,-2.0,7.0,0.0,0,0,11.0,11.0,6658
2023-11-12,2023,11,12,6,1,0,0,맑음,기타,2.0,-2.0,6.0,0.0,0,0,11.0,10.0,3470
2023-11-13,2023,11,13,0,0,0,0,맑음,기타,2.5,-2.0,7.0,0.0,0,0,11.0,9.0,1668
2023-11-14,2023,11,14,1,0,0,0,맑음,기타,5.0,-1.0,11.0,0.0,0,0,11.0,9.0,909
2023-11-15,2023,11,15,2,0,0,0,흐림,기타,7.5,2.0,13.0,0.0,0,0,11.0,9.0,1366
2023-11-16,2023,11,16,3,0,0,0,비,기타,6.5,6.0,7.0,0.0,0,0,11.0,9.0,270
2023-11-17,2023,11,17,4,0,0,0,눈,기타,2.0,-2.0,6.0,0.0,0,0,11.0,10.0,1127
2023-11-18,2023,11,18,5,1,0,0,맑음,기타,1.0,-4.0,6.0,0.0,0,0,11.0,11.0,4068
2023-11-19,2023,11,19,6,1,0,0,흐림,기타,6.5,0.0,13.0,0.0,0,0,11.0,10.0,4599
2023-11-20,2023,11,20,0,0,0,0,맑음,기타,7.5,2.0,13.0,0.0,0,0,11.0,9.0,919
2023-11-21,2023,11,21,1,0,0,0,맑음,기타,8.0,1.0,15.0,0.0,0,0,11.0,9.0,1057
2023-11-22,2023,11,22,2,0,0,0,흐림,기타,9.0,3.0,15.0,0.0,0,0,11.0,9.0,1127
2023-11-23,2023,11,23,3,0,0,0,흐림,기타,8.5,2.0,15.0,0.0,0,0,11.0,9.0,1119
2023-11-24,2023,11,24,4,0,0,0,맑음,기타,-1.0,-4.0,2.0,0.0,0,0,11.0,10.0,819
2023-11-25,2023,11,25,5,1,0,0,맑음,기타,-1.0,-6.0,4.0,0.0,0,0,11.0,11.0,4335
2023-11-26,2023,11,26,6,1,0,0,흐림,기타,3.5,0.0,7.0,0.0,0,0,11.0,10.0,3492
2023-11-27,2023,11,27,0,0,0,0,비,기타,6.5,4.0,9.0,0.0,0,0,11.0,9.0,232
2023-11-28,2023,11,28,1,0,0,0,맑음,기타,2.0,-1.0,5.0,0.0,0,0,11.0,9.0,709
2023-11-29,2023,11,29,2,0,0,0,눈,기타,-0.5,-4.0,3.0,0.0,0,0,11.0,9.0,424
2023-11-30,2023,11,30,3,0,0,0,맑음,기타,-3.5,-7.0,0.0,0.0,0,0,11.0,9.0,2181
2023-12-01,2023,12,1,4,0,0,0,맑음,기타,-3.0,-7.0,1.0,0.0,0,0,11.0,9.0,256
2023-12-02,2023,12,2,5,1,0,0,흐림,기타,2.0,-4.0,8.0,0.0,0,0,11.0,11.0,2509
2023-12-03,2023,12,3,6,1,0,0,맑음,기타,1.5,-3.0,6.0,0.0,0,0,11.0,10.0,2404
2023-12-04,2023,12,4,0,0,0,0,흐림,기타,3.0,-3.0,9.0,0.0,0,0,11.0,9.0,309
2023-12-05,2023,12,5,1,0,0,0,흐림,기타,8.5,4.0,13.0,0.0,0,0,11.0,9.0,454
2023-12-06,2023,12,6,2,0,0,0,비,기타,6.5,4.0,9.0,0.0,0,0,11.0,9.0,317
2023-12-07,2023,12,7,3,0,0,0,맑음,기타,6.0,1.0,11.0,0.0,0,0,11.0,9.0,694
2023-12-08,2023,12,8,4,0,0,0,맑음,기타,11.0,5.0,17.0,0.0,0,0,11.0,9.0,1290
2023-12-09,2023,12,9,5,1,0,0,흐림,기타,14.0,12.0,16.0,0.0,0,0,11.0,11.0,8390
2023-12-10,2023,12,10,6,1,0,0,흐림,기타,11.5,7.0,16.0,0.0,0,0,11.0,10.0,7001
2023-12-11,2023,12,11,0,0,0,0,비,기타,8.5,5.0,12.0,0.0,0,0,11.0,7.0,43
2023-12-12,2023,12,12,1,0,0,0,비,기타,6.5,4.0,9.0,0.0,0,0,11.0,9.0,437
2023-12-13,2023,12,13,2,0,0,0,흐림,기타,6.5,3.0,10.0,0.0,0,0,11.0,9.0,856
2023-12-14,2023,12,14,3,0,0,0,비,기타,7.5,6.0,9.0,0.0,0,0,11.0,7.0,278
2023-12-15,2023,12,15,4,0,0,0,비,기타,5.0,4.0,6.0,0.0,0,0,11.0,7.0,1034
2023-12-16,2023,12,16,5,1,0,0,눈,기타,-3.0,-10.0,4.0,0.0,0,0,11.0,10.0,2482
2023-12-17,2023,12,17,6,1,0,0,맑음,기타,-9.0,-12.0,-6.0,0.0,0,0,11.0,9.0,511
2023-12-18,2023,12,18,0,0,0,0,흐림,기타,-8.0,-12.0,-4.0,0.0,0,0,11.0,9.0,266
2023-12-19,2023,12,19,1,0,0,0,눈,기타,-4.0,-8.0,0.0,0.0,0,0,11.0,9.0,342
2023-12-20,2023,12,20,2,0,0,0,눈,기타,-7.0,-12.0,-2.0,0.0,0,0,11.0,9.0,246
2023-12-21,2023,12,21,3,0,0,0,맑음,기타,-11.0,-14.0,-8.0,0.0,0,0,11.0,9.0,496
2023-12-22,2023,12,22,4,0,0,0,맑음,기타,-11.5,-15.0,-8.0,0.0,0,0,11.0,9.0,287
2023-12-23,2023,12,23,5,1,0,0,맑음,기타,-7.0,-13.0,-1.0,0.0,0,0,11.0,11.0,2866
2023-12-24,2023,12,24,6,1,0,0,흐림,기타,-1.5,-6.0,3.0,0.0,0,0,11.0,11.0,11233
2023-12-25,2023,12,25,0,0,1,0,눈,기타,-0.5,-3.0,2.0,0.0,0,0,11.0,10.0,6562
2023-12-26,2023,12,26,1,0,0,0,흐림,기타,2.0,-3.0,7.0,0.0,0,0,11.0,9.0,2179
2023-12-27,2023,12,27,2,0,0,0,맑음,기타,2.0,-3.0,7.0,0.0,0,0,11.0,9.0,1931
2023-12-28,2023,12,28,3,0,0,0,흐림,기타,1.0,-2.0,4.0,0.0,0,0,11.0,9.0,2429
2023-12-29,2023,12,29,4,0,0,0,흐림,기타,2.0,-1.0,5.0,0.0,0,0,11.0,9.0,4808
2023-12-30,2023,12,30,5,1,0,0,눈,기타,0.5,-1.0,2.0,0.0,0,0,11.0,11.0,7900
2023-12-31,2023,12,31,6,1,0,0,눈,기타,2.5,1.0,4.0,0.0,0,0,11.0,11.0,6069
2024-01-01,2024,1,1,0,0,1,1,흐림,비,3.3,-0.3,7.3,0.0,0,0,9.616666666666667,10.0,5848
2024-01-02,2024,1,2,1,0,0,1,흐림,비,2.9,2.2,4.3,0.0,0,0,9.633333333333333,9.0,1753
2024-01-03,2024,1,3,2,0,0,1,눈,눈,1.8,-1.1,4.0,0.6,1,0,9.633333333333333,9.0,939
2024-01-04,2024,1,4,3,0,0,1,흐림,안개,1.4,-3.3,4.7,0.0,0,0,9.65,9.0,2361
2024-01-05,2024,1,5,4,0,0,1,흐림,비,5.0,1.4,9.1,0.0,0,0,9.666666666666666,9.0,2171
2024-01-06,2024,1,6,5,1,0,1,맑음,눈,0.7,-2.7,5.2,2.4,1,0,9.683333333333334,11.0,8029
2024-01-07,2024,1,7,6,1,0,1,맑음,안개,-4.4,-8.3,-0.9,0.0,0,0,9.7,10.0,3496
2024-01-08,2024,1,8,0,0,0,1,흐림,기타,-4.7,-10.3,0.0,0.0,0,0,9.716666666666667,9.0,649
2024-01-09,2024,1,9,1,0,0,1,눈,눈,-0.6,-1.9,0.4,1.6,1,0,9.733333333333333,9.0,481
2024-01-10,2024,1,10,2,0,0,1,흐림,안개,-1.0,-4.1,3.3,0.0,0,0,9.75,9.0,1061
2024-01-11,2024,1,11,3,0,0,1,흐림,안개,1.7,-2.4,4.5,0.0,0,0,9.766666666666667,9.0,1632
2024-01-12,2024,1,12,4,0,0,1,맑음,안개,0.9,-1.4,4.2,0.0,0,0,9.783333333333333,9.0,2801
2024-01-13,2024,1,13,5,1,0,1,맑음,기타,0.4,-3.8,6.4,0.0,0,0,9.8,11.0,10175
2024-01-14,2024,1,14,6,1,0,1,비,눈,-0.6,-3.3,2.4,3.1,1,0,9.833333333333334,10.0,1950
2024-01-15,2024,1,15,0,0,0,1,맑음,기타,-3.7,-6.9,0.9,0.0,0,0,9.85,9.0,907
2024-01-16,2024,1,16,1,0,0,1,맑음,기타,-2.1,-7.2,4.3,0.0,0,0,9.866666666666667,9.0,1916
2024-01-17,2024,1,17,2,0,0,1,눈,눈,0.6,-2.3,1.9,9.7,1,0,9.9,9.0,874
2024-01-18,2024,1,18,3,0,0,1,흐림,비,4.5,1.4,9.4,0.5,1,0,9.916666666666666,9.0,1897
2024-01-19,2024,1,19,4,0,0,1,흐림,기타,5.4,4.0,9.0,0.0,0,0,9.933333333333334,9.0,3472
2024-01-20,2024,1,20,5,1,0,1,비,눈,3.4,1.9,4.9,0.4,1,0,9.966666666666667,10.0,9560
2024-01-21,2024,1,21,6,1,0,1,눈,눈,1.7,-2.4,4.3,0.4,1,0,9.983333333333333,10.0,5067
2024-01-22,2024,1,22,0,0,0,1,눈,눈,-8.7,-11.9,-2.4,0.2,1,0,10.016666666666667,9.0,506
2024-01-23,2024,1,23,1,0,0,1,맑음,기타,-11.7,-14.0,-8.2,0.0,0,0,10.033333333333333,9.0,233
2024-01-24,2024,1,24,2,0,0,1,맑음,기타,-8.0,-11.2,-3.7,0.0,0,0,10.066666666666666,9.0,488
2024-01-25,2024,1,25,3,0,0,1,맑음,기타,-5.3,-9.7,-0.5,0.0,0,0,10.1,9.0,515
2024-01-26,2024,1,26,4,0,0,1,맑음,안개,-1.7,-6.9,4.0,0.0,0,0,10.116666666666667,9.0,2432
2024-01-27,2024,1,27,5,1,0,1,흐림,안개,-0.5,-4.6,4.6,0.0,0,0,10.15,11.0,10101
2024-01-28,2024,1,28,6,1,0,1,맑음,기타,-1.5,-5.0,3.8,0.0,0,0,10.183333333333334,10.0,6247
2024-01-29,2024,1,29,0,0,0,1,맑음,기타,-0.4,-4.8,4.6,0.0,0,0,10.216666666666667,9.0,1295
2024-01-30,2024,1,30,1,0,0,1,맑음,안개,1.4,-4.0,8.1,0.0,0,0,10.25,9.0,1399
2024-01-31,2024,1,31,2,0,0,1,흐림,안개,4.7,0.7,10.6,0.0,0,0,10.283333333333333,9.0,1848
2024-02-01,2024,2,1,3,0,0,1,흐림,안개,2.4,-1.3,8.2,0.0,0,0,10.316666666666666,9.0,1503
2024-02-02,2024,2,2,4,0,0,1,흐림,안개,3.1,0.7,7.9,0.0,0,0,10.333333333333334,9.0,2859
2024-02-03,2024,2,3,5,1,0,1,비,비,4.7,-0.2,8.3,0.0,0,0,10.366666666666667,11.0,7915
2024-02-04,2024,2,4,6,1,0,1,흐림,기타,7.3,3.7,12.2,0.0,0,0,10.4,10.0,7204
2024-02-05,2024,2,5,0,0,0,1,눈,눈,2.7,0.1,6.6,3.9,1,0,10.433333333333334,9.0,146
2024-02-06,2024,2,6,1,0,0,1,비,눈,1.2,0.0,2.9,0.2,1,0,10.466666666666667,9.0,985
2024-02-07,2024,2,7,2,0,0,1,눈,눈,0.6,-0.9,2.7,0.0,0,0,10.516666666666667,9.0,924
2024-02-08,2024,2,8,3,0,0,1,맑음,안개,0.6,-3.0,6.2,0.0,0,0,10.55,9.0,1458
2024-02-09,2024,2,9,4,0,1,1,흐림,안개,1.1,-2.5,6.1,0.0,0,0,10.583333333333334,11.0,4792
2024-02-10,2024,2,10,5,1,1,1,맑음,안개,1.7,-1.5,7.4,0.0,0,0,10.616666666666667,11.0,4344
2024-02-11,2024,2,11,6,1,1,1,맑음,눈,1.0,-3.1,5.5,0.0,0,0,10.65,11.0,6413
2024-02-12,2024,2,12,0,0,1,1,맑음,안개,3.5,-2.9,10.5,0.0,0,0,10.683333333333334,10.0,7341
2024-02-13,2024,2,13,1,0,0,1,흐림,안개,8.2,2.0,13.7,0.0,0,0,10.716666666666667,9.0,2654
2024-02-14,2024,2,14,2,0,0,1,흐림,안개,12.9,8.8,18.3,0.0,0,0,10.75,9.0,1988
2024-02-15,2024,2,15,3,0,0,1,눈,눈,4.5,0.6,11.6,10.9,1,0,10.783333333333333,8.0,165
2024-02-16,2024,2,16,4,0,0,1,맑음,안개,2.3,-1.5,8.1,0.0,0,0,10.833333333333334,9.0,2978
2024-02-17,2024,2,17,5,1,0,1,맑음,안개,4.4,-1.2,11.7,0.0,0,0,10.866666666666667,11.0,11433
2024-02-18,2024,2,18,6,1,0,1,비,비,6.2,1.2,9.4,17.1,1,0,10.916666666666666,10.0,5543
2024-02-19,2024,2,19,0,0,0,1,비,비,9.1,4.2,11.9,8.9,1,0,10.95,9.0,159
2024-02-20,2024,2,20,1,0,0,1,비,비,4.3,2.8,6.8,2.6,1,0,10.983333333333333,9.0,1106
2024-02-21,2024,2,21,2,0,0,1,눈,눈,1.9,0.0,4.0,17.8,1,0,11.033333333333333,7.0,835
2024-02-22,2024,2,22,3,0,0,1,눈,눈,0.2,-1.1,1.6,8.8,1,0,11.066666666666666,9.0,415
2024-02-23,2024,2,23,4,0,0,1,흐림,눈,1.8,-1.0,6.1,0.4,1,0,11.1,10.0,2076
2024-02-24,2024,2,24,5,1,0,1,비,눈,2.0,-1.3,5.9,2.3,1,0,11.15,11.0,9103
2024-02-25,2024,2,25,6,1,0,1,흐림,눈,2.8,0.8,5.9,1.8,1,0,11.183333333333334,10.0,5598
2024-02-26,2024,2,26,0,0,0,1,맑음,안개,3.8,-1.2,9.7,0.0,0,0,11.216666666666667,9.0,3404
2024-02-27,2024,2,27,1,0,0,1,흐림,기타,5.3,1.2,9.8,0.0,0,0,11.25,9.0,3904
2024-02-28,2024,2,28,2,0,0,1,흐림,기타,6.4,3.2,10.1,0.0,0,0,11.3,9.0,4931
2024-02-29,2024,2,29,3,0,0,1,흐림,안개,4.8,0.3,9.6,0.0,0,0,11.333333333333334,9.0,4243
2024-03-01,2024,3,1,4,0,1,0,맑음,기타,-4.1,-7.1,0.3,0.0,0,0,11.383333333333333,11.0,4726
2024-03-02,2024,3,2,5,1,0,0,눈,눈,-0.5,-8.1,4.1,0.0,0,0,11.416666666666666,11.0,3293
2024-03-03,2024,3,3,6,1,0,0,맑음,안개,4.0,0.4,7.8,0.0,0,0,11.45,10.0,3461
2024-03-04,2024,3,4,0,0,0,0,흐림,안개,5.4,-1.8,11.7,0.0,0,0,11.5,10.0,629
2024-03-05,2024,3,5,1,0,0,0,비,기타,8.0,5.5,11.0,0.0,0,0,11.533333333333333,10.0,103
2024-03-06,2024,3,6,2,0,0,0,흐림,기타,6.2,2.5,10.3,0.0,0,0,11.583333333333334,10.0,278
2024-03-07,2024,3,7,3,0,0,0,비,눈,3.9,1.2,8.2,2.1,1,0,11.616666666666667,9.0,178
2024-03-08,2024,3,8,4,0,0,0,맑음,안개,2.1,-0.7,6.5,0.0,0,0,11.666666666666666,10.0,327
2024-03-09,2024,3,9,5,1,0,0,맑음,기타,2.0,-2.1,7.1,0.0,0,0,11.7,11.0,3535
2024-03-10,2024,3,10,6,1,0,0,맑음,기타,4.2,-1.8,10.6,0.0,0,0,11.733333333333333,10.0,4936
2024-03-11,2024,3,11,0,0,0,0,흐림,기타,6.2,2.0,10.8,0.0,0,0,11.783333333333333,9.0,357
2024-03-12,2024,3,12,1,0,0,0,비,비,6.6,4.4,10.0,2.1,1,0,11.8,9.0,115
2024-03-13,2024,3,13,2,0,0,0,맑음,기타,6.5,1.3,12.0,0.0,0,0,11.85,9.0,399
2024-03-14,2024,3,14,3,0,0,0,맑음,안개,8.5,3.4,15.4,0.0,0,0,11.883333333333333,9.0,513
2024-03-15,2024,3,15,4,0,0,0,맑음,안개,8.9,4.0,14.5,0.0,0,0,11.933333333333334,9.0,1065
2024-03-16,2024,3,16,5,1,0,0,흐림,안개,10.9,4.4,18.3,0.0,0,0,11.966666666666667,11.0,11980
2024-03-17,2024,3,17,6,1,0,0,흐림,비,8.8,5.4,12.2,0.1,1,0,12.016666666666667,10.0,5810
2024-03-18,2024,3,18,0,0,0,0,맑음,기타,7.1,1.4,13.2,0.0,0,0,12.05,9.0,510
2024-03-19,2024,3,19,1,0,0,0,비,비,6.7,3.9,9.8,0.2,1,0,12.1,9.0,181
2024-03-20,2024,3,20,2,0,0,0,맑음,기타,4.4,1.2,8.7,0.0,0,0,12.133333333333333,9.0,316
2024-03-21,2024,3,21,3,0,0,0,맑음,기타,5.0,-1.2,11.5,0.0,0,0,12.183333333333334,9.0,438
2024-03-22,2024,3,22,4,0,0,0,비,비,10.4,3.8,15.2,5.4,1,0,12.216666666666667,9.0,526
2024-03-23,2024,3,23,5,1,0,0,흐림,비,13.0,9.3,18.2,0.1,1,0,12.266666666666667,11.0,11949
2024-03-24,2024,3,24,6,1,0,0,흐림,기타,16.2,10.5,23.4,0.0,0,0,12.3,11.0,12751
2024-03-25,2024,3,25,0,0,0,0,비,비,10.6,6.7,14.5,5.1,1,0,12.35,9.0,372
2024-03-26,2024,3,26,1,0,0,0,비,비,7.4,3.2,12.4,11.5,1,0,12.366666666666667,10.0,411
2024-03-27,2024,3,27,2,0,0,0,흐림,기타,10.4,4.4,16.2,0.0,0,0,12.416666666666666,10.0,1068
2024-03-28,2024,3,28,3,0,0,0,비,비,10.3,7.8,12.2,1.9,1,0,12.45,9.0,258
2024-03-29,2024,3,29,4,0,0,0,비,비,7.6,5.0,12.3,1.4,1,0,12.5,11.0,1478
2024-03-30,2024,3,30,5,1,0,0,비,기타,8.8,3.0,15.6,0.0,0,0,12.533333333333333,11.0,10455
2024-03-31,2024,3,31,6,1,0,0,맑음,기타,10.6,3.4,17.7,0.0,0,0,12.583333333333334,11.0,10340
2024-04-01,2024,4,1,0,0,0,0,맑음,기타,12.2,5.5,19.0,0.0,0,0,12.616666666666667,11.0,2028
2024-04-02,2024,4,2,1,0,0,0,흐림,기타,15.4,7.0,23.9,0.0,0,0,12.666666666666666,11.0,1804
2024-04-03,2024,4,3,2,0,0,0,비,비,16.6,13.9,19.7,0.0,0,0,12.7,11.0,1115
2024-04-04,2024,4,4,3,0,0,0,흐림,기타,15.5,12.4,20.3,0.0,0,0,12.75,11.0,2453
2024-04-05,2024,4,5,4,0,0,0,흐림,기타,14.0,10.2,18.8,0.0,0,0,12.766666666666667,12.0,6394
2024-04-06,2024,4,6,5,1,0,0,흐림,안개,12.7,8.0,18.9,0.0,0,0,12.816666666666666,12.5,17241
2024-04-07,2024,4,7,6,1,0,0,맑음,기타,14.8,7.7,23.4,0.0,0,0,12.85,12.5,13047
2024-04-08,2024,4,8,0,0,0,0,흐림,기타,16.2,11.0,22.8,0.0,0,0,12.9,11.0,2576
2024-04-09,2024,4,9,1,0,0,0,맑음,기타,15.3,10.6,20.8,0.0,0,0,12.933333333333334,11.0,6073
2024-04-10,2024,4,10,2,0,1,0,흐림,기타,13.8,10.2,18.5,0.0,0,0,12.983333333333333,12.5,15573
2024-04-11,2024,4,11,3,0,0,0,비,비,15.5,11.7,21.1,0.0,0,0,13.016666666666667,11.0,2281
2024-04-12,2024,4,12,4,0,0,0,맑음,안개,17.2,12.0,24.2,0.0,0,0,13.066666666666666,12.0,5618
2024-04-13,2024,4,13,5,1,0,0,맑음,기타,19.1,11.2,27.3,0.0,0,0,13.1,12.5,16094
2024-04-14,2024,4,14,6,1,0,0,흐림,기타,20.8,13.6,29.4,0.0,0,0,13.133333333333333,12.5,11415
2024-04-15,2024,4,15,0,0,0,0,비,비,16.0,11.7,20.0,17.1,1,0,13.183333333333334,9.0,220
2024-04-16,2024,4,16,1,0,0,0,비,비,13.3,11.5,17.9,2.3,1,0,13.2,11.0,3112
2024-04-17,2024,4,17,2,0,0,0,흐림,안개,15.0,9.7,21.8,0.0,0,0,13.25,11.0,3015
2024-04-18,2024,4,18,3,0,0,0,맑음,기타,17.3,10.7,24.9,0.0,0,0,13.283333333333333,11.0,3863
2024-04-19,2024,4,19,4,0,0,0,흐림,안개,17.6,11.5,24.3,0.0,0,0,13.316666666666666,12.0,5686
2024-04-20,2024,4,20,5,1,0,0,비,비,14.9,13.0,17.2,4.8,1,0,13.366666666666667,12.5,4563
2024-04-21,2024,4,21,6,1,0,0,흐림,기타,17.2,13.3,21.7,0.0,0,0,13.4,12.5,10210
2024-04-22,2024,4,22,0,0,0,0,흐림,기타,18.8,15.0,24.1,0.0,0,0,13.433333333333334,11.0,3103
2024-04-23,2024,4,23,1,0,0,0,비,비,17.3,13.2,24.2,0.0,0,0,13.483333333333333,11.0,3068
2024-04-24,2024,4,24,2,0,0,0,비,비,13.2,11.0,16.5,9.0,1,0,13.516666666666667,11.0,2242
2024-04-25,2024,4,25,3,0,0,0,흐림,안개,14.4,10.3,20.8,0.0,0,0,13.55,11.0,4222
2024-04-26,2024,4,26,4,0,0,0,흐림,안개,17.8,11.4,26.0,0.0,0,0,13.583333333333334,12.0,6904
2024-04-27,2024,4,27,5,1,0,0,맑음,안개,18.2,11.5,26.2,0.0,0,0,13.616666666666667,12.5,18576
2024-04-28,2024,4,28,6,1,0,0,흐림,기타,20.7,13.0,28.9,0.0,0,0,13.65,12.5,13586
2024-04-29,2024,4,29,0,0,0,0,비,기타,20.9,16.9,26.1,0.0,0,0,13.683333333333334,11.0,3066
2024-04-30,2024,4,30,1,0,0,0,흐림,안개,18.6,16.0,22.5,0.0,0,0,13.716666666666667,11.0,7846
2024-05-01,2024,5,1,2,0,0,0,흐림,안개,18.5,13.9,24.0,0.0,0,0,13.75,13.0,18208
2024-05-02,2024,5,2,3,0,0,0,맑음,기타,18.1,12.4,23.7,0.0,0,0,13.783333333333333,11.0,5809
2024-05-03,2024,5,3,4,0,0,0,맑음,기타,19.7,12.2,27.9,0.0,0,0,13.833333333333334,12.0,9688
2024-05-04,2024,5,4,5,1,0,0,흐림,비,21.4,14.6,28.5,0.0,0,0,13.866666666666667,13.0,20670
2024-05-05,2024,5,5,6,1,1,0,비,비,17.8,15.7,20.6,48.3,1,1,13.9,10.0,975
2024-05-06,2024,5,6,0,0,1,0,비,비,13.9,13.4,15.7,12.3,1,0,13.933333333333334,9.5,1620
2024-05-07,2024,5,7,1,0,0,0,비,비,13.3,12.2,15.0,2.4,1,0,13.966666666666667,9.0,1661
2024-05-08,2024,5,8,2,0,0,0,맑음,기타,14.7,9.0,21.4,0.0,0,0,13.983333333333333,11.0,3888
2024-05-09,2024,5,9,3,0,0,0,맑음,기타,16.1,10.9,21.8,0.0,0,0,14.016666666666667,11.0,4193
2024-05-10,2024,5,10,4,0,0,0,맑음,안개,17.9,12.5,23.8,0.0,0,0,14.05,12.0,11182
2024-05-11,2024,5,11,5,1,0,0,비,비,17.0,14.0,22.0,31.7,1,1,14.083333333333334,10.5,5989
2024-05-12,2024,5,12,6,1,0,0,흐림,안개,16.6,11.9,21.6,0.0,0,0,14.116666666666667,12.5,11616
2024-05-13,2024,5,13,0,0,0,0,맑음,기타,18.3,11.9,24.5,0.0,0,0,14.15,11.0,4233
2024-05-14,2024,5,14,1,0,0,0,맑음,기타,18.8,12.7,24.7,0.0,0,0,14.166666666666666,11.0,9775
2024-05-15,2024,5,15,2,0,1,0,비,비,12.6,7.2,18.8,20.6,1,0,14.2,9.5,4706
2024-05-16,2024,5,16,3,0,0,0,맑음,비,13.7,6.9,19.8,0.1,1,0,14.216666666666667,11.0,3778
2024-05-17,2024,5,17,4,0,0,0,흐림,안개,18.3,10.8,24.9,0.0,0,0,14.25,12.0,6202
2024-05-18,2024,5,18,5,1,0,0,맑음,기타,20.7,16.0,26.5,0.0,0,0,14.283333333333333,12.5,19326
2024-05-19,2024,5,19,6,1,0,0,맑음,기타,21.5,15.9,27.9,0.0,0,0,14.3,12.5,12288
2024-05-20,2024,5,20,0,0,0,0,비,안개,19.4,16.8,22.8,0.0,0,0,14.333333333333334,11.0,2540
2024-05-21,2024,5,21,1,0,0,0,흐림,안개,21.7,16.3,28.3,0.0,0,0,14.366666666666667,11.0,2986
2024-05-22,2024,5,22,2,0,0,0,흐림,안개,20.5,16.4,25.5,0.0,0,0,14.366666666666667,11.0,3294
2024-05-23,2024,5,23,3,0,0,0,맑음,안개,20.2,15.8,26.4,0.0,0,0,14.4,11.0,3755
2024-05-24,2024,5,24,4,0,0,0,흐림,안개,20.1,15.7,24.7,0.0,0,0,14.433333333333334,12.0,6667
2024-05-25,2024,5,25,5,1,0,0,흐림,안개,21.4,18.7,24.7,0.0,0,0,14.45,12.5,14795
2024-05-26,2024,5,26,6,1,0,0,비,비,19.9,17.0,23.7,8.7,1,0,14.483333333333333,10.5,3942
2024-05-27,2024,5,27,0,0,0,0,흐림,안개,18.5,14.1,22.6,0.0,0,0,14.483333333333333,11.0,1931
2024-05-28,2024,5,28,1,0,0,0,맑음,기타,20.4,14.3,26.1,0.0,0,0,14.516666666666667,11.0,3380
2024-05-29,2024,5,29,2,0,0,0,흐림,기타,21.2,15.4,26.8,0.0,0,0,14.533333333333333,11.0,3338
2024-05-30,2024,5,30,3,0,0,0,흐림,기타,20.7,16.2,24.6,0.0,0,0,14.55,11.0,3730
2024-05-31,2024,5,31,4,0,0,0,비,비,20.4,16.9,25.4,1.0,1,0,14.566666666666666,12.0,7040
2024-06-01,2024,6,1,5,1,0,0,흐림,비,20.7,17.5,25.2,0.0,0,0,14.6,12.5,12347
2024-06-02,2024,6,2,6,1,0,0,맑음,기타,20.4,15.7,25.8,0.0,0,0,14.6,12.5,10618
2024-06-03,2024,6,3,0,0,0,0,맑음,기타,22.2,15.7,28.7,0.0,0,0,14.616666666666667,11.0,2208
2024-06-04,2024,6,4,1,0,0,0,맑음,기타,22.8,16.3,29.3,0.0,0,0,14.65,11.0,2021
2024-06-05,2024,6,5,2,0,0,0,흐림,기타,23.6,18.1,30.1,0.0,0,0,14.65,11.0,3826
2024-06-06,2024,6,6,3,0,1,0,흐림,안개,24.1,19.3,31.4,0.0,0,0,14.666666666666666,12.5,15992
2024-06-07,2024,6,7,4,0,0,0,비,비,23.1,18.3,28.0,0.8,1,0,14.666666666666666,12.0,16412
2024-06-08,2024,6,8,5,1,0,0,비,비,20.3,17.9,25.0,16.9,1,0,14.683333333333334,12.5,5888
2024-06-09,2024,6,9,6,1,0,0,흐림,안개,22.9,17.4,28.8,0.0,0,0,14.7,12.5,8292
2024-06-10,2024,6,10,0,0,0,0,맑음,안개,24.7,19.0,31.1,0.0,0,0,14.716666666666667,11.0,1688
2024-06-11,2024,6,11,1,0,0,0,흐림,안개,25.4,21.7,31.6,0.0,0,0,14.716666666666667,11.0,1241
2024-06-12,2024,6,12,2,0,0,0,흐림,기타,24.8,19.2,31.8,0.0,0,0,14.733333333333333,11.0,1491
2024-06-13,2024,6,13,3,0,0,0,맑음,기타,26.4,20.0,32.8,0.0,0,0,14.733333333333333,11.0,1341
2024-06-14,2024,6,14,4,0,0,0,비,기타,26.3,21.4,33.0,0.0,0,0,14.75,12.0,3166
2024-06-15,2024,6,15,5,1,0,0,비,비,24.2,21.8,28.2,6.1,1,0,14.75,12.5,16520
2024-06-16,2024,6,16,6,1,0,0,맑음,안개,24.3,19.9,29.5,0.0,0,0,14.75,12.5,16675
2024-06-17,2024,6,17,0,0,0,0,흐림,기타,24.8,18.9,30.2,0.0,0,0,14.766666666666667,11.0,1645
2024-06-18,2024,6,18,1,0,0,0,맑음,기타,26.0,20.4,32.9,0.0,0,0,14.75,11.0,1632
2024-06-19,2024,6,19,2,0,0,0,흐림,기타,28.8,21.4,35.8,0.0,0,0,14.75,11.0,1512
2024-06-20,2024,6,20,3,0,0,0,흐림,기타,29.4,23.4,35.4,0.0,0,0,14.766666666666667,11.0,1304
2024-06-21,2024,6,21,4,0,0,0,흐림,기타,28.1,22.9,33.9,0.0,0,0,14.766666666666667,12.0,2900
2024-06-22,2024,6,22,5,1,0,0,비,비,24.2,22.6,26.1,16.5,1,0,14.766666666666667,12.5,4124
2024-06-23,2024,6,23,6,1,0,0,흐림,비,25.1,22.5,30.1,5.1,1,0,14.75,12.5,7602
2024-06-24,2024,6,24,0,0,0,0,흐림,비,24.3,21.2,27.9,0.0,0,0,14.75,11.0,1323
2024-06-25,2024,6,25,1,0,0,0,흐림,기타,22.9,19.1,27.2,0.0,0,0,14.75,11.0,1594
2024-06-26,2024,6,26,2,0,0,0,맑음,기타,24.9,18.9,31.6,0.0,0,0,14.75,11.0,1581
2024-06-27,2024,6,27,3,0,0,0,흐림,기타,26.3,20.6,31.6,0.0,0,0,14.733333333333333,11.0,1669
2024-06-28,2024,6,28,4,0,0,0,맑음,기타,26.6,21.3,32.5,0.0,0,0,14.733333333333333,12.0,4089
2024-06-29,2024,6,29,5,1,0,0,비,비,26.7,21.6,32.3,38.3,1,1,14.716666666666667,11.5,8429
2024-06-30,2024,6,30,6,1,0,0,비,비,23.5,22.0,24.9,32.2,1,1,14.716666666666667,12.5,4241
2024-07-01,2024,7,1,0,0,0,1,흐림,안개,26.3,22.0,31.3,0.0,0,0,14.716666666666667,11.0,1238
2024-07-02,2024,7,2,1,0,0,1,비,비,23.2,21.9,25.2,65.1,1,1,14.7,7.0,35
2024-07-03,2024,7,3,2,0,0,1,비,비,24.7,23.6,25.9,0.8,1,0,14.7,11.0,921
2024-07-04,2024,7,4,3,0,0,1,비,비,26.8,23.2,30.6,3.6,1,0,14.683333333333334,11.0,850
2024-07-05,2024,7,5,4,0,0,1,비,비,23.4,21.3,26.1,4.1,1,0,14.683333333333334,12.0,2441
2024-07-06,2024,7,6,5,1,0,1,비,비,25.1,22.1,30.0,2.8,1,0,14.65,12.5,3703
2024-07-07,2024,7,7,6,1,0,1,비,비,24.4,21.5,28.2,28.7,1,0,14.633333333333333,12.5,5462
2024-07-08,2024,7,8,0,0,0,1,비,비,23.8,23.1,24.5,21.1,1,0,14.633333333333333,8.0,176
2024-07-09,2024,7,9,1,0,0,1,비,비,24.5,22.7,26.7,0.3,1,0,14.616666666666667,9.0,270
2024-07-10,2024,7,10,2,0,0,1,비,비,26.6,22.7,31.1,1.4,1,0,14.6,11.0,572
2024-07-11,2024,7,11,3,0,0,1,흐림,안개,25.7,23.3,28.9,0.0,0,0,14.583333333333334,11.0,1157
2024-07-12,2024,7,12,4,0,0,1,흐림,안개,25.6,21.8,30.2,0.0,0,0,14.55,12.0,2141
2024-07-13,2024,7,13,5,1,0,1,맑음,비,28.1,23.5,33.3,0.0,0,0,14.55,12.5,14875
2024-07-14,2024,7,14,6,1,0,1,비,비,28.4,24.9,32.1,0.4,1,0,14.533333333333333,12.5,9809
2024-07-15,2024,7,15,0,0,0,1,흐림,비,28.4,24.5,31.3,0.0,0,0,14.5,11.0,1032
2024-07-16,2024,7,16,1,0,0,1,비,비,27.0,24.6,30.7,17.0,1,0,14.5,9.0,424
2024-07-17,2024,7,17,2,0,0,1,비,비,25.4,24.1,28.1,98.8,1,1,14.466666666666667,9.0,145
2024-07-18,2024,7,18,3,0,0,1,비,비,24.3,23.1,25.6,128.8,1,1,14.433333333333334,8.0,23
2024-07-19,2024,7,19,4,0,0,1,비,비,27.0,24.2,30.8,0.1,1,0,14.416666666666666,12.0,1798
2024-07-20,2024,7,20,5,1,0,1,비,비,27.2,25.1,30.6,14.9,1,0,14.4,12.5,2757
2024-07-21,2024,7,21,6,1,0,1,비,비,26.5,22.5,29.8,8.5,1,0,14.366666666666667,12.5,3333
2024-07-22,2024,7,22,0,0,0,1,비,비,26.6,24.3,27.9,79.9,1,1,14.35,9.0,418
2024-07-23,2024,7,23,1,0,0,1,비,비,26.4,25.8,27.3,2.0,1,0,14.316666666666666,8.0,207
2024-07-24,2024,7,24,2,0,0,1,비,비,28.1,26.0,30.9,14.7,1,0,14.283333333333333,11.0,910
2024-07-25,2024,7,25,3,0,0,1,비,비,28.8,25.4,32.2,25.3,1,0,14.266666666666667,11.0,1504
2024-07-26,2024,7,26,4,0,0,1,비,비,28.7,25.2,32.7,5.5,1,0,14.25,12.0,1674
2024-07-27,2024,7,27,5,1,0,1,비,비,28.9,27.5,31.7,33.5,1,1,14.216666666666667,12.5,3641
2024-07-28,2024,7,28,6,1,0,1,흐림,비,29.2,27.3,32.2,0.0,0,0,14.183333333333334,12.5,5775
2024-07-29,2024,7,29,0,0,0,1,비,비,27.4,26.8,27.8,0.0,0,0,14.15,12.0,4724
2024-07-30,2024,7,30,1,0,0,1,흐림,기타,28.6,26.3,31.9,0.0,0,0,14.133333333333333,12.0,4947
2024-07-31,2024,7,31,2,0,0,1,흐림,기타,29.4,27.0,33.3,0.0,0,0,14.1,12.0,5092
2024-08-01,2024,8,1,3,0,0,1,흐림,비,29.9,27.3,33.2,0.3,1,0,14.066666666666666,12.0,4756
2024-08-02,2024,8,2,4,0,0,1,비,안개,29.6,28.2,32.5,0.0,0,0,14.033333333333333,12.0,4345
2024-08-03,2024,8,3,5,1,0,1,흐림,안개,30.2,27.2,34.2,0.0,0,0,14.0,12.5,4671
2024-08-04,2024,8,4,6,1,0,1,흐림,기타,31.8,27.3,36.2,0.0,0,0,13.966666666666667,12.5,3111
2024-08-05,2024,8,5,0,0,0,1,비,비,30.0,26.9,33.7,1.3,1,0,13.95,12.0,1519
2024-08-06,2024,8,6,1,0,0,1,비,비,29.5,25.6,33.5,0.0,0,0,13.916666666666666,12.0,1470
2024-08-07,2024,8,7,2,0,0,1,비,비,29.6,27.2,33.4,3.4,1,0,13.883333333333333,12.0,1459
2024-08-08,2024,8,8,3,0,0,1,비,비,28.5,26.9,31.6,0.0,0,0,13.85,12.0,1538
2024-08-09,2024,8,9,4,0,0,1,비,기타,29.3,25.6,33.6,0.0,0,0,13.816666666666666,12.0,2508
2024-08-10,2024,8,10,5,1,0,1,흐림,기타,30.0,26.4,33.6,0.0,0,0,13.783333333333333,12.5,4968
2024-08-11,2024,8,11,6,1,0,1,흐림,기타,30.8,27.8,34.4,0.0,0,0,13.733333333333333,12.5,3954
2024-08-12,2024,8,12,0,0,0,1,흐림,기타,31.1,28.2,34.1,0.0,0,0,13.716666666666667,12.0,1507
2024-08-13,2024,8,13,1,0,0,1,비,비,31.3,28.1,36.4,0.0,0,0,13.683333333333334,12.0,1485
2024-08-14,2024,8,14,2,0,0,1,흐림,비,30.0,27.3,34.9,3.0,1,0,13.65,12.0,1994
2024-08-15,2024,8,15,3,0,1,1,흐림,비,29.2,26.7,34.6,6.4,1,0,13.616666666666667,12.5,5174
2024-08-16,2024,8,16,4,0,0,1,흐림,비,29.8,26.8,34.3,0.0,0,0,13.566666666666666,12.0,3193
2024-08-17,2024,8,17,5,1,0,1,흐림,비,29.8,27.2,34.0,11.0,1,0,13.533333333333333,12.5,5472
2024-08-18,2024,8,18,6,1,0,1,비,비,29.5,27.0,33.9,0.0,0,0,13.516666666666667,12.5,3515
2024-08-19,2024,8,19,0,0,0,1,흐림,비,29.7,26.3,35.3,2.3,1,0,13.466666666666667,11.0,1826
2024-08-20,2024,8,20,1,0,0,1,흐림,비,31.4,27.0,35.4,0.0,0,0,13.433333333333334,11.0,682
2024-08-21,2024,8,21,2,0,0,1,비,비,28.4,26.9,30.8,42.2,1,1,13.4,8.0,92
2024-08-22,2024,8,22,3,0,0,1,비,비,28.6,27.1,30.3,0.6,1,0,13.35,11.0,248
2024-08-23,2024,8,23,4,0,0,1,흐림,비,28.4,26.4,31.8,0.0,0,0,13.316666666666666,12.0,1728
2024-08-24,2024,8,24,5,1,0,1,비,비,27.6,25.1,30.9,2.0,1,0,13.283333333333333,12.5,9477
2024-08-25,2024,8,25,6,1,0,1,흐림,안개,28.5,24.9,32.7,0.0,0,0,13.25,12.5,5131
2024-08-26,2024,8,26,0,0,0,1,비,비,28.1,25.6,30.6,0.0,0,0,13.216666666666667,11.0,771
2024-08-27,2024,8,27,1,0,0,1,비,비,26.5,24.6,30.3,0.3,1,0,13.166666666666666,9.0,619
2024-08-28,2024,8,28,2,0,0,1,맑음,기타,28.2,23.0,33.2,0.0,0,0,13.133333333333333,9.0,685
2024-08-29,2024,8,29,3,0,0,1,맑음,기타,28.4,23.4,33.5,0.0,0,0,13.083333333333334,9.0,741
2024-08-30,2024,8,30,4,0,0,1,맑음,기타,28.0,23.7,32.9,0.0,0,0,13.05,12.0,2528
2024-08-31,2024,8,31,5,1,0,1,맑음,기타,27.6,22.6,33.0,0.0,0,0,13.033333333333333,12.5,8023
2024-09-01,2024,9,1,6,1,0,0,흐림,안개,27.1,24.6,31.6,0.0,0,0,12.983333333333333,12.0,5891
2024-09-02,2024,9,2,0,0,0,0,비,비,24.5,22.2,26.9,2.7,1,0,12.95,11.0,761
2024-09-03,2024,9,3,1,0,0,0,흐림,기타,27.0,23.2,32.0,0.0,0,0,12.9,9.0,845
2024-09-04,2024,9,4,2,0,0,0,흐림,기타,27.9,23.2,33.3,0.0,0,0,12.866666666666667,9.0,1604
2024-09-05,2024,9,5,3,0,0,0,비,비,26.3,25.6,28.8,6.9,1,0,12.816666666666666,9.0,2325
2024-09-06,2024,9,6,4,0,0,0,비,비,24.0,23.3,25.7,0.7,1,0,12.8,12.0,2659
2024-09-07,2024,9,7,5,1,0,0,흐림,비,26.5,22.8,31.3,0.0,0,0,12.75,12.5,14585
2024-09-08,2024,9,8,6,1,0,0,맑음,기타,27.2,22.6,32.8,0.0,0,0,12.716666666666667,12.5,7138
2024-09-09,2024,9,9,0,0,0,0,흐림,기타,28.5,24.1,34.1,0.0,0,0,12.666666666666666,11.0,1460
2024-09-10,2024,9,10,1,0,0,0,맑음,기타,29.4,25.6,33.9,0.0,0,0,12.633333333333333,11.0,2297
2024-09-11,2024,9,11,2,0,0,0,비,비,29.0,25.4,34.6,0.4,1,0,12.583333333333334,11.0,1215
2024-09-12,2024,9,12,3,0,0,0,비,비,25.4,24.8,27.1,32.7,1,1,12.55,9.0,836
2024-09-13,2024,9,13,4,0,0,0,비,비,25.9,24.2,28.0,7.6,1,0,12.516666666666667,10.0,703
2024-09-14,2024,9,14,5,1,0,0,비,비,28.0,25.2,32.2,0.0,0,0,12.466666666666667,12.5,6166
2024-09-15,2024,9,15,6,1,0,0,흐림,기타,27.5,24.2,32.4,0.0,0,0,12.433333333333334,12.5,11532
2024-09-16,2024,9,16,0,0,1,0,흐림,비,26.8,21.3,32.2,9.5,1,0,12.383333333333333,12.5,13017
2024-09-17,2024,9,17,1,0,1,0,비,기타,28.6,25.8,33.2,0.0,0,0,12.35,12.5,9221
2024-09-18,2024,9,18,2,0,1,0,흐림,비,29.4,26.5,33.6,0.7,1,0,12.316666666666666,12.5,5393
2024-09-19,2024,9,19,3,0,0,0,흐림,기타,29.1,25.6,32.6,0.0,0,0,12.283333333333333,11.0,1711
2024-09-20,2024,9,20,4,0,0,0,비,비,25.0,17.9,28.6,54.5,1,1,12.233333333333333,9.0,607
2024-09-21,2024,9,21,5,1,0,0,비,비,19.3,17.1,21.9,27.0,1,0,12.2,12.5,5857
2024-09-22,2024,9,22,6,1,0,0,흐림,기타,21.0,16.9,26.7,0.0,0,0,12.15,12.5,11375
2024-09-23,2024,9,23,0,0,0,0,맑음,기타,20.8,16.6,26.1,0.0,0,0,12.1,11.0,2622
2024-09-24,2024,9,24,1,0,0,0,맑음,기타,21.0,15.6,26.9,0.0,0,0,12.066666666666666,11.0,4295
2024-09-25,2024,9,25,2,0,0,0,흐림,비,23.3,18.6,27.3,0.0,0,0,12.033333333333333,11.0,3270
2024-09-26,2024,9,26,3,0,0,0,흐림,비,23.6,21.1,28.0,1.2,1,0,12.0,11.0,4305
2024-09-27,2024,9,27,4,0,0,0,흐림,기타,22.7,19.1,28.0,0.0,0,0,11.95,12.0,7128
2024-09-28,2024,9,28,5,1,0,0,흐림,기타,23.2,19.2,27.9,0.0,0,0,11.916666666666666,12.5,18027
2024-09-29,2024,9,29,6,1,0,0,맑음,기타,23.5,19.1,29.0,0.0,0,0,11.866666666666667,12.5,12018
2024-09-30,2024,9,30,0,0,0,0,흐림,기타,23.0,18.3,28.5,0.0,0,0,11.833333333333334,12.5,4134
2024-10-01,2024,10,1,1,0,1,0,비,비,18.3,13.3,21.7,2.5,1,0,11.783333333333333,12.5,10708
2024-10-02,2024,10,2,2,0,0,0,맑음,기타,14.9,11.6,19.9,0.0,0,0,11.766666666666667,12.5,5625
2024-10-03,2024,10,3,3,0,1,0,맑음,기타,16.4,10.8,22.5,0.0,0,0,11.716666666666667,12.5,18916
2024-10-04,2024,10,4,4,0,0,0,맑음,기타,17.6,11.9,24.2,0.0,0,0,11.683333333333334,12.5,15466
2024-10-05,2024,10,5,5,1,0,0,흐림,기타,17.5,11.6,24.4,0.0,0,0,11.633333333333333,12.5,14871
2024-10-06,2024,10,6,6,1,0,0,비,비,15.4,12.3,17.9,0.0,0,0,11.6,12.5,7149
2024-10-07,2024,10,7,0,0,0,0,흐림,안개,16.9,14.0,20.7,0.0,0,0,11.55,11.0,2390
2024-10-08,2024,10,8,1,0,0,0,맑음,안개,17.7,12.7,23.9,0.0,0,0,11.516666666666667,11.0,11337
2024-10-09,2024,10,9,2,0,1,0,흐림,기타,18.8,13.9,24.4,0.0,0,0,11.466666666666667,12.5,14807
2024-10-10,2024,10,10,3,0,0,0,비,비,18.8,15.3,24.1,0.0,0,0,11.433333333333334,11.0,3780
2024-10-11,2024,10,11,4,0,0,0,맑음,안개,18.6,13.9,24.4,0.0,0,0,11.383333333333333,12.0,12572
2024-10-12,2024,10,12,5,1,0,0,맑음,안개,18.3,13.4,24.7,0.0,0,0,11.366666666666667,12.5,19163
2024-10-13,2024,10,13,6,1,0,0,흐림,기타,18.3,12.6,22.6,0.0,0,0,11.333333333333334,12.5,10839
2024-10-14,2024,10,14,0,0,0,0,비,비,19.3,17.6,21.5,0.0,0,0,11.283333333333333,11.0,2572
2024-10-15,2024,10,15,1,0,0,0,비,비,19.2,17.6,21.9,0.5,1,0,11.25,11.0,2660
2024-10-16,2024,10,16,2,0,0,0,흐림,안개,18.2,14.4,24.2,0.0,0,0,11.2,11.0,5179
2024-10-17,2024,10,17,3,0,0,0,흐림,안개,19.0,13.8,25.7,0.0,0,0,11.166666666666666,11.0,8859
2024-10-18,2024,10,18,4,0,0,0,비,비,17.4,16.2,18.8,47.1,1,1,11.133333333333333,9.0,6706
2024-10-19,2024,10,19,5,1,0,0,흐림,비,16.6,12.4,21.1,1.0,1,0,11.083333333333334,12.5,16810
2024-10-20,2024,10,20,6,1,0,0,맑음,기타,13.4,10.5,17.8,0.0,0,0,11.05,12.5,12647
2024-10-21,2024,10,21,0,0,0,0,비,비,14.8,9.7,19.3,0.0,0,0,11.016666666666667,11.0,3072
2024-10-22,2024,10,22,1,0,0,0,비,비,15.5,14.9,16.6,20.6,1,0,10.983333333333333,9.0,2228
2024-10-23,2024,10,23,2,0,0,0,흐림,비,12.7,9.4,15.5,2.3,1,0,10.933333333333334,11.0,3503
2024-10-24,2024,10,24,3,0,0,0,맑음,기타,12.5,7.1,18.4,0.0,0,0,10.9,11.0,8244
2024-10-25,2024,10,25,4,0,0,0,흐림,안개,14.9,8.7,21.5,0.0,0,0,10.866666666666667,12.0,10888
2024-10-26,2024,10,26,5,1,0,0,흐림,기타,17.0,10.7,24.0,0.0,0,0,10.833333333333334,12.5,24497
2024-10-27,2024,10,27,6,1,0,0,비,비,16.0,14.0,18.8,0.0,0,0,10.783333333333333,12.5,14371
2024-10-28,2024,10,28,0,0,0,0,흐림,비,15.7,12.3,20.4,0.0,0,0,10.75,11.0,3207
2024-10-29,2024,10,29,1,0,0,0,비,비,15.0,13.4,18.3,0.0,0,0,10.716666666666667,11.0,3391
2024-10-30,2024,10,30,2,0,0,0,맑음,기타,15.7,11.4,21.4,0.0,0,0,10.683333333333334,11.0,4045
2024-10-31,2024,10,31,3,0,0,0,맑음,안개,15.9,11.0,22.6,0.0,0,0,10.65,11.0,6100
2024-11-01,2024,11,1,4,0,0,0,흐림,기타,15.3,12.9,18.7,0.0,0,0,10.616666666666667,12.0,7736
2024-11-02,2024,11,2,5,1,0,0,맑음,기타,18.1,13.0,25.1,0.0,0,0,10.583333333333334,12.5,18560
2024-11-03,2024,11,3,6,1,0,0,흐림,비,17.6,13.0,23.5,0.0,0,0,10.55,12.5,13750
2024-11-04,2024,11,4,0,0,0,0,흐림,비,14.8,8.9,18.3,0.1,1,0,10.516666666666667,10.0,3197
2024-11-05,2024,11,5,1,0,0,0,흐림,기타,9.1,5.6,14.7,0.0,0,0,10.483333333333333,10.0,2435
2024-11-06,2024,11,6,2,0,0,0,맑음,기타,7.5,4.1,12.5,0.0,0,0,10.45,10.0,1924
2024-11-07,2024,11,7,3,0,0,0,맑음,기타,7.8,1.6,15.7,0.0,0,0,10.416666666666666,10.0,1884
2024-11-08,2024,11,8,4,0,0,0,맑음,기타,10.2,3.1,18.1,0.0,0,0,10.383333333333333,10.0,5359
2024-11-09,2024,11,9,5,1,0,0,맑음,기타,12.9,6.8,20.3,0.0,0,0,10.35,12.0,16389
2024-11-10,2024,11,10,6,1,0,0,흐림,기타,14.4,10.3,21.0,0.0,0,0,10.3,12.0,11306
2024-11-11,2024,11,11,0,0,0,0,맑음,안개,14.6,9.7,21.8,0.0,0,0,10.266666666666667,10.0,4556
2024-11-12,2024,11,12,1,0,0,0,맑음,안개,14.3,11.0,19.2,0.0,0,0,10.233333333333333,10.0,2513
2024-11-13,2024,11,13,2,0,0,0,맑음,기타,14.2,8.3,21.3,0.0,0,0,10.216666666666667,10.0,2995
2024-11-14,2024,11,14,3,0,0,0,비,비,14.8,13.2,16.8,0.1,1,0,10.183333333333334,10.0,2573
2024-11-15,2024,11,15,4,0,0,0,비,비,17.0,13.7,21.5,0.0,0,0,10.15,11.0,4600
2024-11-16,2024,11,16,5,1,0,0,비,비,17.0,14.4,22.6,6.5,1,0,10.116666666666667,12.0,10492
2024-11-17,2024,11,17,6,1,0,0,흐림,기타,7.0,2.1,14.4,0.0,0,0,10.1,11.0,6918
2024-11-18,2024,11,18,0,0,0,0,맑음,기타,2.8,-0.7,7.9,0.0,0,0,10.066666666666666,9.0,966
2024-11-19,2024,11,19,1,0,0,0,흐림,기타,5.7,0.3,11.3,0.0,0,0,10.05,9.0,851
2024-11-20,2024,11,20,2,0,0,0,비,안개,6.5,2.4,9.6,0.0,0,0,10.016666666666667,9.0,1251
2024-11-21,2024,11,21,3,0,0,0,비,비,9.7,6.0,14.1,0.0,0,0,9.983333333333333,9.0,1205
2024-11-22,2024,11,22,4,0,0,0,맑음,기타,6.2,3.3,10.6,0.0,0,0,9.966666666666667,10.0,2309
2024-11-23,2024,11,23,5,1,0,0,맑음,기타,6.4,1.5,12.6,0.0,0,0,9.933333333333334,11.0,11590
2024-11-24,2024,11,24,6,1,0,0,맑음,기타,7.4,2.6,14.2,0.0,0,0,9.916666666666666,11.0,7721
2024-11-25,2024,11,25,0,0,0,0,흐림,비,10.1,3.6,15.4,0.0,0,0,9.9,9.0,1540
2024-11-26,2024,11,26,1,0,0,0,비,눈,5.8,1.0,12.7,26.0,1,0,9.866666666666667,8.0,243
2024-11-27,2024,11,27,2,0,0,0,눈,눈,-0.4,-1.3,1.2,22.4,1,0,9.85,7.0,42
2024-11-29,2024,11,29,4,0,0,0,맑음,눈,0.2,-3.4,3.4,0.0,0,0,9.8,9.0,262
2024-11-30,2024,11,30,5,1,0,0,비,비,2.5,-0.5,5.6,0.0,0,0,9.783333333333333,11.0,4024
2024-12-01,2024,12,1,6,1,0,0,흐림,비,5.2,1.6,8.2,0.5,1,0,9.766666666666667,10.0,3525
2024-12-02,2024,12,2,0,0,0,0,비,비,6.4,0.6,13.0,0.0,0,0,9.75,9.0,516
2024-12-03,2024,12,3,1,0,0,0,흐림,눈,1.3,-2.4,5.2,0.0,0,0,9.733333333333333,9.0,342
2024-12-04,2024,12,4,2,0,0,0,맑음,눈,3.1,-0.6,6.9,0.0,0,0,9.716666666666667,9.0,402
2024-12-05,2024,12,5,3,0,0,0,비,비,3.9,-0.1,8.8,1.8,1,0,9.683333333333334,9.0,394
2024-12-06,2024,12,6,4,0,0,0,맑음,기타,2.1,-0.4,5.2,0.0,0,0,9.666666666666666,9.0,1000
2024-12-07,2024,12,7,5,1,0,0,맑음,기타,0.2,-2.5,4.6,0.0,0,0,9.666666666666666,11.0,3983
2024-12-08,2024,12,8,6,1,0,0,맑음,기타,-0.2,-3.9,4.1,0.0,0,0,9.666666666666666,10.0,2074
2024-12-09,2024,12,9,0,0,0,0,맑음,기타,1.0,-3.8,7.4,0.0,0,0,9.65,9.0,461
2024-12-10,2024,12,10,1,0,0,0,흐림,기타,2.6,-1.9,6.9,0.0,0,0,9.633333333333333,9.0,529
2024-12-11,2024,12,11,2,0,0,0,흐림,기타,3.0,0.2,8.2,0.0,0,0,9.616666666666667,9.0,452
2024-12-12,2024,12,12,3,0,0,0,흐림,기타,0.5,-3.2,5.4,0.0,0,0,9.616666666666667,9.0,439
2024-12-13,2024,12,13,4,0,0,0,눈,기타,1.0,-1.5,4.5,0.0,0,0,9.6,9.0,672
2024-12-14,2024,12,14,5,1,0,0,맑음,기타,-0.8,-3.6,2.5,0.0,0,0,9.6,11.0,3427
2024-12-15,2024,12,15,6,1,0,0,눈,눈,1.2,-2.2,5.4,0.0,0,0,9.583333333333334,10.0,2145
2024-12-16,2024,12,16,0,0,0,0,눈,눈,-0.2,-3.3,3.9,0.0,0,0,9.583333333333334,9.0,431
2024-12-17,2024,12,17,1,0,0,0,맑음,기타,-0.8,-3.5,3.8,0.0,0,0,9.566666666666666,9.0,395
2024-12-18,2024,12,18,2,0,0,0,맑음,기타,-3.4,-6.2,0.9,0.0,0,0,9.583333333333334,9.0,365
2024-12-19,2024,12,19,3,0,0,0,흐림,기타,-1.4,-6.7,4.9,0.0,0,0,9.566666666666666,9.0,330
2024-12-20,2024,12,20,4,0,0,0,흐림,눈,1.4,-2.1,5.3,0.4,1,0,9.566666666666666,9.0,988
2024-12-21,2024,12,21,5,1,0,0,눈,눈,-0.7,-4.7,1.9,2.9,1,0,9.566666666666666,11.0,4632
2024-12-22,2024,12,22,6,1,0,0,맑음,기타,-3.4,-7.7,1.0,0.0,0,0,9.566666666666666,10.0,2704
2024-12-23,2024,12,23,0,0,0,0,맑음,기타,0.3,-5.0,6.7,0.0,0,0,9.566666666666666,9.0,982
2024-12-24,2024,12,24,1,0,0,0,맑음,기타,-0.4,-4.3,5.1,0.0,0,0,9.566666666666666,10.0,2257
2024-12-25,2024,12,25,2,0,1,0,흐림,비,2.7,-1.1,6.5,0.1,1,0,9.566666666666666,11.0,11871
2024-12-26,2024,12,26,3,0,0,0,맑음,비,0.1,-4.8,4.2,0.0,0,0,9.583333333333334,9.0,1863
2024-12-27,2024,12,27,4,0,0,0,맑음,눈,-2.6,-5.9,1.8,0.0,0,0,9.583333333333334,9.0,1650
2024-12-28,2024,12,28,5,1,0,0,맑음,기타,-3.0,-6.7,1.1,0.0,0,0,9.583333333333334,11.0,5380
2024-12-29,2024,12,29,6,1,0,0,흐림,기타,1.1,-4.2,6.1,0.0,0,0,9.6,10.0,4711
2024-12-30,2024,12,30,0,0,0,0,흐림,비,5.5,1.9,10.1,0.0,0,0,9.6,9.0,3339
2024-12-31,2024,12,31,1,0,0,0,맑음,비,0.6,-2.0,4.9,0.0,0,0,9.616666666666667,10.0,2543
2025-01-01,2025,1,1,2,0,1,1,흐림,기타,2.6,-2.5,8.9,0.0,0,0,9.616666666666667,10.0,4138
2025-01-02,2025,1,2,3,0,0,1,맑음,기타,0.5,-2.9,6.0,0.0,0,0,9.633333333333333,9.0,1324
2025-01-03,2025,1,3,4,0,0,1,눈,눈,-1.1,-5.1,3.2,0.0,0,0,9.65,10.0,1396
2025-01-04,2025,1,4,5,1,0,1,맑음,기타,-0.1,-5.4,5.7,0.0,0,0,9.666666666666666,11.0,5235
2025-01-05,2025,1,5,6,1,0,1,눈,눈,1.2,-0.7,2.5,6.7,1,0,9.683333333333334,10.0,1094
2025-01-06,2025,1,6,0,0,0,1,흐림,눈,1.0,-3.0,3.4,3.0,1,0,9.7,9.0,714
2025-01-07,2025,1,7,1,0,0,1,맑음,눈,-2.6,-5.7,1.5,0.1,1,0,9.716666666666667,9.0,681
2025-01-08,2025,1,8,2,0,0,1,흐림,눈,-3.4,-6.1,0.2,0.0,0,0,9.716666666666667,9.0,612
2025-01-09,2025,1,9,3,0,0,1,맑음,눈,-9.7,-11.6,-6.1,0.0,0,0,9.733333333333333,9.0,418
2025-01-10,2025,1,10,4,0,0,1,맑음,기타,-7.3,-12.2,-1.7,0.0,0,0,9.75,10.0,738
2025-01-11,2025,1,11,5,1,0,1,맑음,기타,-5.1,-9.5,0.4,0.0,0,0,9.766666666666667,11.0,5264
2025-01-12,2025,1,12,6,1,0,1,맑음,기타,-3.4,-8.2,2.5,0.0,0,0,9.783333333333333,10.0,3167
2025-01-13,2025,1,13,0,0,0,1,눈,눈,-0.4,-5.6,4.1,1.3,1,0,9.816666666666666,9.0,1010
2025-01-14,2025,1,14,1,0,0,1,흐림,눈,2.3,-1.7,5.2,0.1,1,0,9.833333333333334,9.0,1393
2025-01-15,2025,1,15,2,0,0,1,맑음,기타,-3.5,-5.3,-0.5,0.0,0,0,9.85,9.0,1126
2025-01-16,2025,1,16,3,0,0,1,눈,눈,-0.5,-4.9,2.8,0.0,0,0,9.883333333333333,9.0,1319
2025-01-17,2025,1,17,4,0,0,1,맑음,안개,-0.5,-4.9,5.6,0.0,0,0,9.9,10.0,2534
2025-01-18,2025,1,18,5,1,0,1,맑음,기타,1.0,-4.0,7.5,0.0,0,0,9.916666666666666,11.0,8780
2025-01-19,2025,1,19,6,1,0,1,흐림,안개,3.8,-1.2,9.0,0.0,0,0,9.966666666666667,10.0,5493
2025-01-20,2025,1,20,0,0,0,1,흐림,비,3.9,0.9,7.5,0.0,0,0,9.983333333333333,9.0,1107
2025-01-21,2025,1,21,1,0,0,1,맑음,안개,2.4,-1.0,6.3,0.0,0,0,10.016666666666667,9.0,1186
2025-01-22,2025,1,22,2,0,0,1,흐림,안개,3.6,0.5,7.7,0.0,0,0,10.033333333333333,9.0,853
2025-01-23,2025,1,23,3,0,0,1,맑음,안개,2.0,-2.4,7.7,0.0,0,0,10.066666666666666,9.0,1334
2025-01-24,2025,1,24,4,0,0,1,맑음,기타,3.1,-2.7,10.6,0.0,0,0,10.083333333333334,10.0,1300
2025-01-25,2025,1,25,5,1,0,1,맑음,기타,5.2,1.2,11.4,0.0,0,0,10.116666666666667,11.0,7911
2025-01-26,2025,1,26,6,1,0,1,흐림,기타,4.6,1.8,7.5,0.0,0,0,10.15,11.0,9758
2025-01-27,2025,1,27,0,0,1,1,눈,눈,0.2,-2.7,5.1,5.6,1,0,10.166666666666666,9.0,2555
2025-01-28,2025,1,28,1,0,1,1,눈,눈,-3.9,-5.3,-2.5,0.1,1,0,10.2,9.0,1291
2025-01-29,2025,1,29,2,0,1,1,눈,눈,-4.6,-6.4,-1.3,0.2,1,0,10.233333333333333,10.0,2168
2025-01-30,2025,1,30,3,0,1,1,흐림,기타,-3.8,-7.5,-1.0,0.0,0,0,10.283333333333333,10.0,2568
2025-01-31,2025,1,31,4,0,0,1,눈,눈,-0.8,-2.6,0.7,2.4,1,0,10.3,10.0,1777
2025-02-01,2025,2,1,5,1,0,1,흐림,안개,1.6,-2.0,7.9,0.0,0,0,10.333333333333334,11.0,5114
2025-02-02,2025,2,2,6,1,0,1,흐림,눈,1.5,-2.5,6.8,0.0,0,0,10.366666666666667,10.0,5534
2025-02-03,2025,2,3,0,0,0,1,맑음,안개,-4.1,-8.2,0.6,0.0,0,0,10.4,9.0,730
2025-02-04,2025,2,4,1,0,0,1,맑음,기타,-9.0,-11.5,-5.3,0.0,0,0,10.433333333333334,9.0,228
2025-02-05,2025,2,5,2,0,0,1,맑음,기타,-8.6,-11.8,-3.7,0.0,0,0,10.466666666666667,9.0,370
2025-02-06,2025,2,6,3,0,0,1,눈,눈,-5.6,-11.5,-0.2,2.3,1,0,10.5,9.0,533
2025-02-07,2025,2,7,4,0,0,1,눈,눈,-8.0,-10.7,-4.7,0.4,1,0,10.533333333333333,9.0,928
2025-02-08,2025,2,8,5,1,0,1,맑음,기타,-7.9,-11.5,-3.4,0.0,0,0,10.583333333333334,10.0,2780
2025-02-09,2025,2,9,6,1,0,1,맑음,기타,-4.7,-9.6,1.7,0.0,0,0,10.616666666666667,10.0,1966
2025-02-10,2025,2,10,0,0,0,1,맑음,눈,-2.6,-7.5,2.6,0.0,0,0,10.65,9.0,667
2025-02-11,2025,2,11,1,0,0,1,맑음,기타,0.5,-5.7,7.0,0.0,0,0,10.683333333333334,9.0,1323
2025-02-12,2025,2,12,2,0,0,1,눈,눈,0.5,-2.9,2.5,2.5,1,0,10.716666666666667,9.0,428
2025-02-13,2025,2,13,3,0,0,1,맑음,기타,0.2,-5.8,6.1,0.0,0,0,10.75,9.0,1633
2025-02-14,2025,2,14,4,0,0,1,맑음,안개,3.7,-1.6,10.1,0.0,0,0,10.783333333333333,10.0,2906
2025-02-15,2025,2,15,5,1,0,1,흐림,안개,4.1,0.4,7.8,0.0,0,0,10.816666666666666,11.0,10325
2025-02-16,2025,2,16,6,1,0,1,흐림,안개,4.3,0.4,9.7,0.0,0,0,10.85,10.0,6652
2025-02-17,2025,2,17,0,0,0,1,맑음,기타,-0.3,-3.4,3.5,0.0,0,0,10.9,9.0,2213
2025-02-18,2025,2,18,1,0,0,1,맑음,기타,-2.3,-5.2,2.6,0.0,0,0,10.933333333333334,9.0,1073
2025-02-19,2025,2,19,2,0,0,1,맑음,기타,-3.0,-5.8,1.2,0.0,0,0,10.966666666666667,9.0,1038
2025-02-20,2025,2,20,3,0,0,1,맑음,기타,-2.9,-6.5,1.9,0.0,0,0,11.0,9.0,1274
2025-02-21,2025,2,21,4,0,0,1,맑음,기타,-2.5,-6.4,2.6,0.0,0,0,11.05,10.0,1853
2025-02-22,2025,2,22,5,1,0,1,맑음,기타,-2.3,-5.6,2.7,0.0,0,0,11.083333333333334,11.0,7231
2025-02-23,2025,2,23,6,1,0,1,맑음,기타,-3.6,-6.5,0.5,0.0,0,0,11.133333333333333,10.0,5000
2025-02-24,2025,2,24,0,0,0,1,맑음,기타,-1.3,-6.3,4.7,0.0,0,0,11.166666666666666,9.0,1678
2025-02-25,2025,2,25,1,0,0,1,흐림,안개,2.1,-3.1,6.1,0.0,0,0,11.216666666666667,9.0,1942
2025-02-26,2025,2,26,2,0,0,1,맑음,안개,3.7,0.7,9.1,0.0,0,0,11.25,9.0,2128
2025-02-27,2025,2,27,3,0,0,1,맑음,기타,5.8,-2.0,14.2,0.0,0,0,11.283333333333333,9.0,4819
2025-02-28,2025,2,28,4,0,0,1,흐림,안개,7.8,3.7,13.7,0.0,0,0,11.333333333333334,10.0,5697
2025-03-01,2025,3,1,5,1,1,0,비,비,8.5,3.4,13.0,0.6,1,0,11.366666666666667,11.0,6969
2025-03-02,2025,3,2,6,1,0,0,눈,눈,8.3,2.2,15.6,11.8,1,0,11.416666666666666,10.0,1859
2025-03-03,2025,3,3,0,0,1,0,비,눈,3.1,1.0,7.1,10.4,1,0,11.45,10.0,2147
2025-03-04,2025,3,4,1,0,0,0,눈,눈,2.5,0.9,3.4,4.0,1,0,11.483333333333333,8.0,21
2025-03-05,2025,3,5,2,0,0,0,흐림,눈,4.8,2.3,9.2,0.0,0,0,11.533333333333333,9.0,152
2025-03-06,2025,3,6,3,0,0,0,흐림,기타,4.8,-0.4,10.4,0.0,0,0,11.566666666666666,9.0,317
2025-03-07,2025,3,7,4,0,0,0,흐림,안개,5.3,0.0,11.1,0.0,0,0,11.6,9.0,343
2025-03-08,2025,3,8,5,1,0,0,맑음,안개,5.8,2.8,11.2,0.0,0,0,11.633333333333333,11.0,5564
2025-03-09,2025,3,9,6,1,0,0,맑음,안개,6.9,1.2,13.5,0.0,0,0,11.683333333333334,10.0,6071
2025-03-10,2025,3,10,0,0,0,0,맑음,안개,8.0,2.4,14.9,0.0,0,0,11.716666666666667,9.0,464
2025-03-11,2025,3,11,1,0,0,0,흐림,안개,9.4,2.9,16.6,0.0,0,0,11.766666666666667,9.0,387
2025-03-12,2025,3,12,2,0,0,0,비,비,8.5,6.7,11.8,0.0,0,0,11.8,9.0,219
2025-03-13,2025,3,13,3,0,0,0,흐림,안개,8.9,3.2,15.0,0.0,0,0,11.85,9.0,321
2025-03-14,2025,3,14,4,0,0,0,흐림,기타,12.4,5.0,20.1,0.0,0,0,11.883333333333333,9.0,1120
2025-03-15,2025,3,15,5,1,0,0,흐림,비,12.6,10.0,17.2,0.0,0,0,11.916666666666666,11.0,10703
2025-03-16,2025,3,16,6,1,0,0,비,비,4.9,1.3,10.1,0.8,1,0,11.966666666666667,10.0,1245
2025-03-17,2025,3,17,0,0,0,0,흐림,눈,2.5,-1.3,6.8,0.4,1,0,12.0,9.0,210
2025-03-18,2025,3,18,1,0,0,0,눈,눈,2.1,0.3,5.6,9.9,1,0,12.05,9.0,83
2025-03-19,2025,3,19,2,0,0,0,맑음,기타,2.4,-1.9,7.3,0.0,0,0,12.083333333333334,9.0,1313
2025-03-20,2025,3,20,3,0,0,0,흐림,안개,8.2,2.2,15.0,0.0,0,0,12.133333333333333,9.0,580
2025-03-21,2025,3,21,4,0,0,0,맑음,안개,11.6,7.9,18.7,0.0,0,0,12.183333333333334,9.0,1305
2025-03-22,2025,3,22,5,1,0,0,맑음,안개,12.8,6.1,19.9,0.0,0,0,12.216666666666667,11.0,11816
2025-03-23,2025,3,23,6,1,0,0,흐림,안개,15.2,7.1,24.0,0.0,0,0,12.25,11.0,10075
2025-03-24,2025,3,24,0,0,0,0,흐림,비,15.5,11.7,21.3,0.0,0,0,12.283333333333333,11.0,1103
2025-03-25,2025,3,25,1,0,0,0,흐림,안개,12.7,8.4,21.4,0.0,0,0,12.333333333333334,10.0,625
2025-03-26,2025,3,26,2,0,0,0,흐림,기타,15.5,6.0,23.9,0.0,0,0,12.366666666666667,10.0,1087
2025-03-27,2025,3,27,3,0,0,0,비,비,13.7,7.1,18.6,0.3,1,0,12.416666666666666,10.0,552
2025-03-28,2025,3,28,4,0,0,0,흐림,기타,6.5,3.1,11.8,0.0,0,0,12.45,10.0,1807
2025-03-29,2025,3,29,5,1,0,0,눈,눈,3.3,0.6,6.7,0.0,0,0,12.5,11.5,7360
2025-03-30,2025,3,30,6,1,0,0,눈,눈,3.3,-1.8,7.6,0.0,0,0,12.533333333333333,11.5,4099
2025-03-31,2025,3,31,0,0,0,0,맑음,안개,7.7,1.2,14.1,0.0,0,0,12.583333333333334,11.0,960
2025-04-01,2025,4,1,1,0,0,0,맑음,안개,10.1,3.9,17.0,0.0,0,0,12.616666666666667,11.0,1227
2025-04-02,2025,4,2,2,0,0,0,비,비,8.9,5.2,14.4,0.0,0,0,12.666666666666666,11.0,936
2025-04-03,2025,4,3,3,0,0,0,맑음,안개,9.8,3.6,16.9,0.0,0,0,12.683333333333334,11.0,2014
2025-04-04,2025,4,4,4,0,0,0,맑음,안개,10.6,6.0,16.4,0.0,0,0,12.733333333333333,12.0,5732
2025-04-05,2025,4,5,5,1,0,0,비,비,8.0,7.5,9.5,22.8,1,0,12.766666666666667,9.5,707
2025-04-06,2025,4,6,6,1,0,0,흐림,비,10.3,6.9,15.7,0.0,0,0,12.816666666666666,12.5,11114
2025-04-07,2025,4,7,0,0,0,0,맑음,안개,13.5,5.5,20.1,0.0,0,0,12.85,11.0,2103
2025-04-08,2025,4,8,1,0,0,0,흐림,안개,13.8,10.7,18.9,0.0,0,0,12.883333333333333,11.0,2253
2025-04-09,2025,4,9,2,0,0,0,비,비,12.7,8.4,18.0,0.8,1,0,12.933333333333334,11.0,2121
2025-04-10,2025,4,10,3,0,0,0,맑음,비,13.2,8.8,19.1,0.0,0,0,12.966666666666667,11.0,2791
2025-04-11,2025,4,11,4,0,0,0,맑음,안개,16.2,8.1,24.2,0.0,0,0,13.016666666666667,12.0,10761
2025-04-12,2025,4,12,5,1,0,0,비,눈,12.9,1.4,22.5,15.4,1,0,13.05,11.5,3708
2025-04-13,2025,4,13,6,1,0,0,비,눈,5.5,1.1,8.2,4.2,1,0,13.1,11.5,1770
2025-04-14,2025,4,14,0,0,0,0,비,비,4.4,2.6,6.0,7.4,1,0,13.116666666666667,9.0,67
2025-04-15,2025,4,15,1,0,0,0,맑음,안개,8.2,2.3,14.0,0.0,0,0,13.15,11.0,2157
2025-04-16,2025,4,16,2,0,0,0,흐림,안개,14.6,6.4,21.9,0.0,0,0,13.2,11.0,3024
2025-04-17,2025,4,17,3,0,0,0,흐림,기타,19.7,15.8,24.7,0.0,0,0,13.233333333333333,11.0,3058
2025-04-18,2025,4,18,4,0,0,0,흐림,비,18.6,15.4,23.7,0.0,0,0,13.283333333333333,12.0,6413
2025-04-19,2025,4,19,5,1,0,0,비,비,15.3,12.2,20.0,9.2,1,0,13.316666666666666,10.5,3278
2025-04-20,2025,4,20,6,1,0,0,맑음,안개,16.7,9.5,24.1,0.0,0,0,13.35,12.5,13672
2025-04-21,2025,4,21,0,0,0,0,흐림,기타,20.7,14.2,27.1,0.0,0,0,13.4,11.0,2445
2025-04-22,2025,4,22,1,0,0,0,비,비,17.8,14.2,20.4,34.8,1,1,13.433333333333334,8.0,447
2025-04-23,2025,4,23,2,0,0,0,흐림,기타,16.8,10.9,22.9,0.0,0,0,13.466666666666667,11.0,3474
2025-04-24,2025,4,24,3,0,0,0,맑음,안개,14.7,10.7,19.6,0.0,0,0,13.5,11.0,4091
2025-04-25,2025,4,25,4,0,0,0,맑음,안개,12.5,7.7,17.8,0.0,0,0,13.533333333333333,12.0,7478
2025-04-26,2025,4,26,5,1,0,0,맑음,기타,13.89,7.2,20.0,0.0,0,0,13.566666666666666,12.5,19655
2025-04-27,2025,4,27,6,1,0,0,흐림,기타,14.9,10.7,19.1,0.0,0,0,13.6,12.5,11873
2025-04-28,2025,4,28,0,0,0,0,맑음,기타,15.1,10.3,20.2,0.0,0,0,13.633333333333333,11.0,3400
2025-04-29,2025,4,29,1,0,0,0,맑음,기타,14.8,8.2,21.0,0.0,0,0,13.683333333333334,11.0,4397
2025-04-30,2025,4,30,2,0,0,0,맑음,기타,18.4,10.0,25.8,0.0,0,0,13.716666666666667,11.0,6610
2025-05-01,2025,5,1,3,0,0,0,비,비,14.7,11.3,17.6,21.1,1,0,13.75,10.5,3267
2025-05-02,2025,5,2,4,0,0,0,흐림,비,13.4,8.2,18.5,0.0,0,0,13.783333333333333,12.5,14380
2025-05-03,2025,5,3,5,1,0,0,비,비,11.2,9.5,14.0,7.3,1,0,13.816666666666666,12.5,6437
2025-05-04,2025,5,4,6,1,0,0,맑음,기타,13.7,8.2,19.9,0.0,0,0,13.85,12.5,22605
2025-05-05,2025,5,5,0,0,1,0,비,기타,12.1,9.3,15.0,0.0,0,0,13.883333333333333,13.5,16688
2025-05-06,2025,5,6,1,0,1,0,흐림,기타,14.4,8.5,19.5,0.0,0,0,13.9,12.5,9525
2025-05-07,2025,5,7,2,0,0,0,맑음,기타,14.9,9.9,21.1,0.0,0,0,13.95,11.0,2242
2025-05-08,2025,5,8,3,0,0,0,흐림,기타,17.4,9.7,24.9,0.0,0,0,13.983333333333333,11.0,5734
2025-05-09,2025,5,9,4,0,0,0,비,비,15.1,14.1,17.4,17.6,1,0,14.016666666666667,9.0,3503
2025-05-10,2025,5,10,5,1,0,0,비,비,12.3,11.6,15.3,14.1,1,0,14.05,11.5,3420
2025-05-11,2025,5,11,6,1,0,0,흐림,비,14.7,11.4,20.2,0.0,0,0,14.066666666666666,12.5,9400
2025-05-12,2025,5,12,0,0,0,0,맑음,안개,17.0,9.8,23.6,0.0,0,0,14.1,11.0,2703
2025-05-13,2025,5,13,1,0,0,0,흐림,기타,19.9,13.3,25.8,0.0,0,0,14.133333333333333,11.0,3678
2025-05-14,2025,5,14,2,0,0,0,흐림,비,21.0,14.1,26.7,0.0,0,0,14.166666666666666,11.0,4241
2025-05-15,2025,5,15,3,0,0,0,비,비,19.5,16.8,22.2,1.1,1,0,14.183333333333334,11.0,5738
2025-05-16,2025,5,16,4,0,0,0,비,비,19.4,17.8,22.0,51.3,1,1,14.216666666666667,10.0,4223
2025-05-17,2025,5,17,5,1,0,0,비,비,18.3,14.7,24.3,2.2,1,0,14.25,12.5,14943
2025-05-18,2025,5,18,6,1,0,0,흐림,안개,15.6,11.4,21.0,0.0,0,0,14.266666666666667,12.5,10975
2025-05-19,2025,5,19,0,0,0,0,비,비,16.1,10.5,20.9,1.6,1,0,14.3,11.0,1739
2025-05-20,2025,5,20,1,0,0,0,흐림,비,22.2,17.4,27.3,1.0,1,0,14.333333333333334,11.0,2272
2025-05-21,2025,5,21,2,0,0,0,비,기타,25.5,22.3,30.8,0.0,0,0,14.35,11.0,3366
2025-05-22,2025,5,22,3,0,0,0,흐림,비,23.9,20.0,28.5,0.8,1,0,14.366666666666667,11.0,4238
2025-05-23,2025,5,23,4,0,0,0,비,비,19.4,15.4,22.2,1.2,1,0,14.4,12.0,7756
2025-05-24,2025,5,24,5,1,0,0,비,비,15.6,13.0,19.3,4.3,1,0,14.433333333333334,12.5,12606
2025-05-25,2025,5,25,6,1,0,0,맑음,기타,17.4,11.7,22.6,0.0,0,0,14.45,12.5,11824
2025-05-26,2025,5,26,0,0,0,0,흐림,안개,19.7,13.0,26.2,0.0,0,0,14.466666666666667,11.0,2583
2025-05-27,2025,5,27,1,0,0,0,맑음,안개,20.8,14.7,27.0,0.0,0,0,14.483333333333333,11.0,1742
2025-05-28,2025,5,28,2,0,0,0,흐림,비,20.8,16.3,26.9,0.0,0,0,14.516666666666667,11.0,2516
2025-05-29,2025,5,29,3,0,0,0,맑음,기타,21.2,15.3,27.3,0.0,0,0,14.533333333333333,11.0,3443
2025-05-30,2025,5,30,4,0,0,0,맑음,기타,22.2,16.7,28.3,0.0,0,0,14.55,12.0,5296
2025-05-31,2025,5,31,5,1,0,0,흐림,안개,21.5,16.4,27.0,0.0,0,0,14.566666666666666,12.5,13757
2025-06-01,2025,6,1,6,1,0,0,흐림,비,22.6,17.0,29.3,0.0,0,0,14.583333333333334,12.5,9595
2025-06-02,2025,6,2,0,0,0,0,비,비,21.0,19.2,23.1,0.0,0,0,14.6,11.0,2993
2025-06-03,2025,6,3,1,0,1,0,맑음,비,20.9,17.0,25.3,0.0,0,0,14.616666666666667,12.5,10928
2025-06-04,2025,6,4,2,0,0,0,맑음,비,20.5,15.2,25.3,0.0,0,0,14.633333333333333,11.0,2801
2025-06-05,2025,6,5,3,0,0,0,흐림,기타,21.7,15.6,27.1,0.0,0,0,14.65,11.0,5553
2025-06-06,2025,6,6,4,0,1,0,흐림,기타,24.1,17.7,30.0,0.0,0,0,14.666666666666666,12.5,17160
2025-06-07,2025,6,7,5,1,0,0,비,안개,23.7,19.8,28.2,0.1,1,0,14.666666666666666,12.5,13020
2025-06-08,2025,6,8,6,1,0,0,비,비,25.1,21.4,30.4,0.6,1,0,14.683333333333334,12.5,7015
2025-06-09,2025,6,9,0,0,0,0,흐림,기타,24.2,20.6,30.2,0.0,0,0,14.683333333333334,11.0,1375
2025-06-10,2025,6,10,1,0,0,0,흐림,기타,21.7,18.8,25.3,0.0,0,0,14.716666666666667,11.0,1423
2025-06-11,2025,6,11,2,0,0,0,맑음,기타,22.7,15.9,28.5,0.0,0,0,14.716666666666667,11.0,1851
2025-06-12,2025,6,12,3,0,0,0,흐림,기타,25.5,17.9,33.1,0.0,0,0,14.733333333333333,11.0,1438
2025-06-13,2025,6,13,4,0,0,0,비,기타,24.0,20.1,29.4,1.5,1,0,14.733333333333333,12.0,2901
2025-06-14,2025,6,14,5,1,0,0,흐림,기타,25.6,20.3,32.1,0.0,0,0,14.75,12.5,17050
2025-06-15,2025,6,15,6,1,0,0,비,기타,26.3,21.7,33.2,11.8,1,0,14.75,12.5,15383
2025-06-16,2025,6,16,0,0,0,0,비,기타,23.0,21.8,25.1,20.0,1,0,14.75,11.0,780
2025-06-17,2025,6,17,1,0,0,0,흐림,기타,24.8,21.1,29.6,0.0,0,0,14.766666666666667,11.0,1429
2025-06-18,2025,6,18,2,0,0,0,흐림,기타,25.5,21.2,30.9,0.0,0,0,14.766666666666667,11.0,1686
2025-06-19,2025,6,19,3,0,0,0,흐림,기타,28.1,21.1,34.2,0.8,1,0,14.75,11.0,1027
2025-06-20,2025,6,20,4,0,0,0,비,기타,24.1,22.2,28.3,51.1,1,1,14.766666666666667,8.0,228
2025-06-21,2025,6,21,5,1,0,0,비,기타,22.0,20.5,24.2,0.2,1,0,14.766666666666667,12.5,5913
2025-06-22,2025,6,22,6,1,0,0,맑음,기타,23.3,18.1,28.6,0.0,0,0,14.766666666666667,12.5,7575
2025-06-23,2025,6,23,0,0,0,0,맑음,기타,26.1,19.4,31.7,0.0,0,0,14.766666666666667,11.0,1476
2025-06-24,2025,6,24,1,0,0,0,비,기타,25.0,20.5,28.0,2.3,1,0,14.75,11.0,1035
2025-06-25,2025,6,25,2,0,0,0,비,기타,20.9,19.5,22.1,8.0,1,0,14.75,9.0,263
2025-06-26,2025,6,26,3,0,0,0,비,기타,22.2,19.9,24.2,1.1,1,0,14.75,11.0,1236
2025-06-27,2025,6,27,4,0,0,0,흐림,기타,25.0,21.1,29.3,0.0,0,0,14.733333333333333,12.0,2531
2025-06-28,2025,6,28,5,1,0,0,비,기타,26.2,24.5,28.1,0.6,1,0,14.733333333333333,12.5,11911
2025-06-29,2025,6,29,6,1,0,0,비,기타,27.1,24.9,30.2,0.0,0,0,14.716666666666667,12.5,12967
2025-06-30,2025,6,30,0,0,0,0,흐림,기타,28.2,25.6,31.2,0.0,0,0,14.716666666666667,11.0,1565
2025-07-01,2025,7,1,1,0,0,1,비,비,28.6,26.2,31.8,0.9,1,0,14.716666666666667,11.0,1031
2025-07-02,2025,7,2,2,0,0,1,흐림,비,28.6,26.8,30.9,0.0,0,0,14.7,11.0,848
2025-07-03,2025,7,3,3,0,0,1,흐림,비,28.3,26.5,32.0,0.0,0,0,14.7,11.0,767
2025-07-04,2025,7,4,4,0,0,1,흐림,비,27.2,25.7,30.0,0.0,0,0,14.683333333333334,12.0,2284
2025-07-05,2025,7,5,5,1,0,1,흐림,기타,28.4,26.0,32.3,0.0,0,0,14.683333333333334,12.5,6219
2025-07-06,2025,7,6,6,1,0,1,흐림,기타,29.1,26.3,32.8,0.0,0,0,14.666666666666666,12.5,4142
2025-07-07,2025,7,7,0,0,0,1,흐림,안개,29.1,26.7,33.2,0.0,0,0,14.65,11.0,710
2025-07-08,2025,7,8,1,0,0,1,비,비,31.3,26.9,37.8,11.8,1,0,14.633333333333333,11.0,498
2025-07-09,2025,7,9,2,0,0,1,흐림,기타,31.9,274.0,36.0,0.0,0,0,14.616666666666667,11.0,850
2025-07-10,2025,7,10,3,0,0,1,맑음,기타,31.4,27.3,36.2,0.0,0,0,14.6,11.0,889
2025-07-11,2025,7,11,4,0,0,1,맑음,기타,30.2,24.6,36.1,0.0,0,0,14.583333333333334,12.0,1157
2025-07-12,2025,7,12,5,1,0,1,흐림,기타,30.3,24.4,36.5,0.0,0,0,14.566666666666666,12.5,11922
2025-07-13,2025,7,13,6,1,0,1,비,비,27.7,25.6,31.0,0.0,0,0,14.55,12.5,7795
2025-07-14,2025,7,14,0,0,0,1,비,비,24.2,21.7,28.1,13.6,1,0,14.533333333333333,9.0,407
2025-07-15,2025,7,15,1,0,0,1,비,비,23.6,21.5,25.9,4.0,1,0,14.5,9.0,496
2025-07-16,2025,7,16,2,0,0,1,비,비,23.3,22.2,24.8,73.1,1,1,14.5,9.0,143
2025-07-17,2025,7,17,3,0,0,1,비,비,23.3,22.0,24.4,75.5,1,1,14.466666666666667,8.0,74
2025-07-18,2025,7,18,4,0,0,1,비,비,24.7,22.9,27.2,16.1,1,0,14.45,9.0,272
2025-07-19,2025,7,19,5,1,0,1,비,비,23.9,21.9,25.8,84.0,1,1,14.433333333333334,12.5,1873
2025-07-20,2025,7,20,6,1,0,1,흐림,비,27.7,25.0,31.3,14.8,1,0,14.4,12.5,4252
2025-07-21,2025,7,21,0,0,0,1,비,비,28.5,25.6,31.6,0.0,0,0,14.383333333333333,11.0,1010
2025-07-22,2025,7,22,1,0,0,1,비,비,28.8,26.6,32.2,0.1,1,0,14.35,11.0,839
2025-07-23,2025,7,23,2,0,0,1,흐림,기타,28.9,25.5,33.3,0.0,0,0,14.316666666666666,11.0,955
2025-07-24,2025,7,24,3,0,0,1,흐림,기타,29.8,25.8,34.1,0.0,0,0,14.3,11.0,995
2025-07-25,2025,7,25,4,0,0,1,맑음,기타,31.1,25.6,36.3,0.0,0,0,14.283333333333333,12.0,1575
2025-07-26,2025,7,26,5,1,0,1,흐림,기타,32.3,27.6,37.1,0.0,0,0,14.25,12.5,4400
2025-07-27,2025,7,27,6,1,0,1,맑음,기타,32.8,28.3,38.0,0.0,0,0,14.216666666666667,12.5,3440
2025-07-28,2025,7,28,0,0,0,1,맑음,기타,32.2,28.8,36.4,0.0,0,0,14.183333333333334,12.0,2219
2025-07-29,2025,7,29,1,0,0,1,흐림,기타,32.0,27.6,36.7,0.0,0,0,14.166666666666666,12.0,2327
2025-07-30,2025,7,30,2,0,0,1,흐림,기타,32.1,28.3,36.3,0.0,0,0,14.133333333333333,12.0,3170
2025-07-31,2025,7,31,3,0,0,1,흐림,기타,30.9,29.3,34.6,0.0,0,0,14.1,12.0,3670
2025-08-01,2025,8,1,4,0,0,1,흐림,비,31.0,27.8,35.1,0.0,0,0,14.083333333333334,12.0,4103
2025-08-02,2025,8,2,5,1,0,1,흐림,기타,31.2,27.3,36.2,0.0,0,0,14.05,12.5,4472
2025-08-03,2025,8,3,6,1,0,1,비,비,28.8,24.0,32.5,1.3,1,0,14.016666666666667,12.5,2993
2025-08-04,2025,8,4,0,0,0,1,비,비,28.1,23.7,33.9,1.9,1,0,14.0,12.0,1686
2025-08-05,2025,8,5,1,0,0,1,흐림,기타,29.1,25.4,33.5,0.0,0,0,13.95,12.0,2211
2025-08-06,2025,8,6,2,0,0,1,비,기타,27.1,25.8,29.3,22.0,1,0,13.916666666666666,9.0,481
2025-08-07,2025,8,7,3,0,0,1,흐림,기타,28.2,25.4,32.3,0.0,0,0,13.883333333333333,12.0,2462
2025-08-08,2025,8,8,4,0,0,1,흐림,비,26.6,23.9,30.2,6.3,1,0,13.85,12.0,3150
2025-08-09,2025,8,9,5,1,0,1,비,비,24.9,23.1,26.4,3.5,1,0,13.816666666666666,12.5,4971
2025-08-10,2025,8,10,6,1,0,1,맑음,기타,27.3,21.0,33.2,0.0,0,0,13.8,12.5,6483
2025-08-11,2025,8,11,0,0,0,1,흐림,비,27.0,25.0,29.5,0.0,0,0,13.766666666666667,12.0,2548
2025-08-12,2025,8,12,1,0,0,1,흐림,안개,28.6,23.3,34.1,0.0,0,0,13.733333333333333,12.0,2495
2025-08-13,2025,8,13,2,0,0,1,비,비,25.1,22.0,27.1,126.7,1,1,13.683333333333334,9.0,152
2025-08-14,2025,8,14,3,0,0,1,비,비,25.5,24.2,26.9,47.8,1,1,13.65,11.0,1893
2025-08-15,2025,8,15,4,0,1,1,흐림,비,27.1,24.4,30.9,0.0,0,0,13.616666666666667,12.5,8816
2025-08-16,2025,8,16,5,1,0,1,흐림,기타,28.2,25.5,32.2,0.0,0,0,13.583333333333334,12.5,10130
2025-08-17,2025,8,17,6,1,0,1,흐림,기타,28.4,26.1,32.0,0.0,0,0,13.55,12.5,5782
2025-08-18,2025,8,18,0,0,0,1,비,비,28.9,27.0,32.9,2.2,1,0,13.516666666666667,11.0,1619
2025-08-19,2025,8,19,1,0,0,1,비,기타,29.1,26.9,32.3,0.0,0,0,13.483333333333333,11.0,1160
2025-08-20,2025,8,20,2,0,0,1,흐림,비,29.4,26.9,32.8,0.0,0,0,13.433333333333334,11.0,889
2025-08-21,2025,8,21,3,0,0,1,흐림,기타,29.8,27.4,34.3,0.0,0,0,13.4,11.0,884
2025-08-22,2025,8,22,4,0,0,1,맑음,기타,29.4,26.1,33.5,0.0,0,0,13.366666666666667,12.0,1550
2025-08-23,2025,8,23,5,1,0,1,흐림,기타,29.3,27.4,32.2,0.0,0,0,13.316666666666666,12.5,20727
2025-08-24,2025,8,24,6,1,0,1,흐림,기타,30.2,26.9,34.7,0.0,0,0,13.3,12.5,3987
2025-08-25,2025,8,25,0,0,0,1,비,비,28.7,26.3,32.2,17.1,1,0,13.266666666666667,11.0,519
2025-08-26,2025,8,26,1,0,0,1,비,비,27.6,25.5,31.8,5.4,1,0,13.216666666666667,11.0,540
2025-08-27,2025,8,27,2,0,0,1,흐림,기타,26.7,23.6,30.8,0.0,0,0,13.183333333333334,11.0,758
2025-08-28,2025,8,28,3,0,0,1,흐림,기타,28.3,24.7,31.0,0.0,0,0,13.133333333333333,11.0,812
2025-08-29,2025,8,29,4,0,0,1,흐림,비,29.0,27.3,32.8,32.2,1,1,13.1,12.0,1517
2025-08-30,2025,8,30,5,1,0,1,흐림,비,28.4,25.8,31.8,23.9,1,0,13.066666666666666,12.5,8630
2025-08-31,2025,8,31,6,1,0,1,비,기타,28.5,25.1,31.8,0.0,0,0,13.033333333333333,12.5,4402
2025-09-01,2025,9,1,0,0,0,0,비,비,26.1,24.4,28.2,20.14,1,0,12.983333333333333,9.0,240
2025-09-02,2025,9,2,1,0,0,0,흐림,기타,26.0,22.0,30.6,0.0,0,0,12.95,9.0,831
2025-09-03,2025,9,3,2,0,0,0,흐림,기타,27.6,22.6,32.1,0.0,0,0,12.916666666666666,9.0,1103
2025-09-04,2025,9,4,3,0,0,0,비,비,25.8,22.8,29.8,44.2,1,1,12.866666666666667,9.0,1075
2025-09-05,2025,9,5,4,0,0,0,흐림,기타,27.9,23.5,33.0,36.1,1,1,12.85,12.0,2986
2025-09-06,2025,9,6,5,1,0,0,비,비,26.8,25.4,30.4,0.2,1,0,12.8,12.5,2017
2025-09-07,2025,9,7,6,1,0,0,흐림,비,25.3,22.3,28.3,0.0,0,0,12.766666666666667,12.5,6799
2025-09-08,2025,9,8,0,0,0,0,흐림,비,24.4,20.6,29.5,0.0,0,0,12.716666666666667,11.0,1015
2025-09-09,2025,9,9,1,0,0,0,흐림,비,23.7,21.4,26.9,0.0,0,0,12.666666666666666,11.0,807
2025-09-10,2025,9,10,2,0,0,0,맑음,기타,24.8,18.4,31.5,0.0,0,0,12.633333333333333,11.0,1130
2025-09-11,2025,9,11,3,0,0,0,흐림,기타,25.8,19.9,31.7,6.8,1,0,12.6,11.0,2030
2025-09-12,2025,9,12,4,0,0,0,비,비,23.9,21.1,26.3,63.7,1,1,12.566666666666666,11.0,1461
2025-09-13,2025,9,13,5,1,0,0,비,비,23.3,20.4,27.6,0.0,0,0,12.516666666666667,12.5,5849
2025-09-14,2025,9,14,6,1,0,0,흐림,기타,24.8,21.5,29.3,0.0,0,0,12.483333333333333,12.5,9391
2025-09-15,2025,9,15,0,0,0,0,흐림,기타,25.7,20.8,30.7,17.5,1,0,12.433333333333334,11.0,2016
2025-09-16,2025,9,16,1,0,0,0,비,비,23.7,22.2,27.1,52.7,1,1,12.4,9.0,708
2025-09-17,2025,9,17,2,0,0,0,비,비,22.7,21.2,24.0,0.0,0,0,12.366666666666667,9.0,663
2025-09-18,2025,9,18,3,0,0,0,흐림,기타,22.1,19.6,26.0,13.8,1,0,12.333333333333334,11.0,2465
2025-09-19,2025,9,19,4,0,0,0,비,비,19.4,17.9,21.4,35.3,1,1,12.283333333333333,9.0,3434
2025-09-20,2025,9,20,5,1,0,0,비,비,20.0,17.5,23.6,0.0,0,0,12.25,12.5,15832
2025-09-21,2025,9,21,6,1,0,0,흐림,기타,21.6,17.2,27.3,0.0,0,0,12.2,12.5,10116
2025-09-22,2025,9,22,0,0,0,0,흐림,기타,21.3,17.6,25.1,0.0,0,0,12.15,11.0,2498
2025-09-23,2025,9,23,1,0,0,0,흐림,비,22.7,19.2,26.8,35.2,1,1,12.116666666666667,11.0,2931
2025-09-24,2025,9,24,2,0,0,0,비,비,22.0,20.4,23.7,0.3,1,0,12.083333333333334,8.0,542
2025-09-25,2025,9,25,3,0,0,0,흐림,비,22.5,20.2,26.4,0.0,0,0,12.05,11.0,3089
2025-09-26,2025,9,26,4,0,0,0,흐림,안개,21.7,17.8,27.1,0.0,0,0,12.0,12.0,7527
2025-09-27,2025,9,27,5,1,0,0,흐림,기타,22.5,17.6,27.2,44.5,1,1,11.966666666666667,12.5,14161
2025-09-28,2025,9,28,6,1,0,0,비,비,20.0,18.4,21.9,0.0,0,0,11.916666666666666,12.5,3461
2025-09-29,2025,9,29,0,0,0,0,흐림,안개,19.6,16.6,23.9,0.0,0,0,11.883333333333333,11.0,2241
2025-09-30,2025,9,30,1,0,0,0,흐림,안개,19.8,17.3,24.0,0.0,0,0,11.833333333333334,11.0,4239
2025-10-01,2025,10,1,2,0,0,0,흐림,안개,20.5,16.7,25.6,0.0,0,0,11.816666666666666,11.0,2484
2025-10-02,2025,10,2,3,0,0,0,흐림,안개,21.4,17.3,25.8,0.0,0,0,11.766666666666667,11.0,4425
2025-10-03,2025,10,3,4,0,1,0,비,비,21.2,19.8,22.3,0.8,1,0,11.733333333333333,12.5,10993
2025-10-04,2025,10,4,5,1,0,0,비,비,22.5,20.9,25.0,0.0,0,0,11.683333333333334,12.5,13759
2025-10-05,2025,10,5,6,1,1,0,비,비,21.4,20.6,22.3,18.1,1,0,11.65,12.5,4921
2025-10-06,2025,10,6,0,0,1,0,비,비,17.6,15.4,20.7,36.8,1,1,11.6,11.5,1737
2025-10-07,2025,10,7,1,0,1,0,비,비,18.2,15.5,20.0,7.1,1,0,11.566666666666666,12.5,4125
2025-10-08,2025,10,8,2,0,1,0,흐림,비,21.9,17.2,28.0,0.0,0,0,11.516666666666667,13.0,25876
2025-10-09,2025,10,9,3,0,1,0,흐림,비,20.0,16.9,22.6,0.0,0,0,11.483333333333333,12.5,17923
2025-10-10,2025,10,10,4,0,0,0,비,비,17.0,16.0,17.7,49.3,1,1,11.45,9.5,2138
2025-10-11,2025,10,11,5,1,0,0,비,비,20.3,17.3,23.8,22.5,1,0,11.416666666666666,12.5,4779
2025-10-12,2025,10,12,6,1,0,0,흐림,비,19.0,17.6,21.4,0.1,1,0,11.366666666666667,12.5,8041
2025-10-13,2025,10,13,0,0,0,0,비,비,15.7,13.9,18.3,25.1,1,0,11.333333333333334,9.0,76
2025-10-14,2025,10,14,1,0,0,0,비,비,17.9,14.4,20.9,0.6,1,0,11.3,11.0,1697
2025-10-15,2025,10,15,2,0,0,0,비,비,20.2,16.1,25.3,1.5,1,0,11.25,11.0,3310
2025-10-16,2025,10,16,3,0,0,0,비,비,20.2,17.0,24.8,1.3,1,0,11.216666666666667,11.0,5298
2025-10-17,2025,10,17,4,0,0,0,비,비,19.9,15.6,24.8,11.3,1,0,11.166666666666666,12.0,10492
2025-10-18,2025,10,18,5,1,0,0,흐림,비,15.8,14.2,18.6,11.2,1,0,11.133333333333333,12.5,14147
2025-10-19,2025,10,19,6,1,0,0,흐림,기타,14.5,8.9,19.2,0.0,0,0,11.1,12.5,13084
2025-10-20,2025,10,20,0,0,0,0,흐림,기타,10.0,5.3,16.52,0.0,0,0,11.05,11.0,2586
2025-10-21,2025,10,21,1,0,0,0,흐림,기타,9.2,4.8,14.1,0.0,0,0,11.016666666666667,11.0,4745
2025-10-22,2025,10,22,2,0,0,0,흐림,기타,13.1,6.63,18.6,0.0,0,0,10.983333333333333,11.0,4380
2025-10-23,2025,10,23,3,0,0,0,흐림,기타,14.9,11.8,19.6,0.0,0,0,10.95,11.0,7162
2025-10-24,2025,10,24,4,0,0,0,흐림,기타,15.8,11.3,21.5,0.0,0,0,10.9,12.0,14659
2025-10-25,2025,10,25,5,1,0,0,흐림,기타,14.4,12.6,17.7,0.0,0,0,10.866666666666667,12.5,18270
2025-10-26,2025,10,26,6,1,0,0,비,비,12.2,10.6,13.9,0.5,1,0,10.833333333333334,12.5,9254
2025-10-27,2025,10,27,0,0,0,0,맑음,기타,8.1,3.7,12.2,0.0,0,0,10.8,11.0,2177
2025-10-28,2025,10,28,1,0,0,0,맑음,기타,8.5,3.0,14.4,0.0,0,0,10.766666666666667,11.0,2788
2025-10-29,2025,10,29,2,0,0,0,맑음,기타,11.4,6.2,18.3,0.0,0,0,10.716666666666667,11.0,4677
2025-10-30,2025,10,30,3,0,0,0,흐림,안개,12.8,7.7,18.2,0.0,0,0,10.683333333333334,11.0,4816
2025-10-31,2025,10,31,4,0,0,0,흐림,비,15.1,11.3,20.7,0.1,1,0,10.65,12.0,7208
2025-11-01,2025,11,1,5,1,0,0,흐림,비,12.9,10.5,17.7,2.4,1,0,10.616666666666667,12.5,19537
2025-11-02,2025,11,2,6,1,0,0,맑음,비,8.0,3.7,11.7,0.2,1,0,10.583333333333334,12.5,7602
2025-11-03,2025,11,3,0,0,0,0,맑음,기타,7.2,0.5,14.7,0.0,0,0,10.55,11.0,1802
2025-11-04,2025,11,4,1,0,0,0,맑음,기타,10.2,5.5,16.3,0.0,0,0,10.516666666666667,11.0,1869
2025-11-05,2025,11,5,2,0,0,0,맑음,기타,11.6,5.7,19.0,0.0,0,0,10.483333333333333,11.0,2044
2025-11-06,2025,11,6,3,0,0,0,흐림,안개,12.5,7.3,18.8,0.0,0,0,10.45,11.0,2693
2025-11-07,2025,11,7,4,0,0,0,맑음,안개,13.9,8.3,19.9,0.0,0,0,10.416666666666666,11.0,6422
2025-11-08,2025,11,8,5,1,0,0,흐림,비,14.5,12.3,17.0,0.0,0,0,10.383333333333333,12.5,14001
2025-11-09,2025,11,9,6,1,0,0,맑음,안개,13.5,10.4,17.6,0.0,0,0,10.35,11.5,9058
2025-11-10,2025,11,10,0,0,0,0,맑음,기타,8.3,5.4,12.7,0.0,0,0,10.316666666666666,10.0,2722
2025-11-11,2025,11,11,1,0,0,0,흐림,기타,8.9,3.9,15.1,0.0,0,0,10.283333333333333,10.0,1547
2025-11-12,2025,11,12,2,0,0,0,맑음,기타,10.8,6.0,17.7,0.0,0,0,10.266666666666667,10.0,1957
2025-11-13,2025,11,13,3,0,0,0,흐림,안개,11.1,6.7,17.6,0.0,0,0,10.233333333333333,10.0,2947
2025-11-14,2025,11,14,4,0,0,0,맑음,기타,9.1,4.5,15.1,0.0,0,0,10.183333333333334,10.0,4787
2025-11-15,2025,11,15,5,1,0,0,맑음,기타,9.8,3.6,17.5,0.0,0,0,10.15,11.0,11938
2025-11-16,2025,11,16,6,1,0,0,비,비,11.6,5.5,18.7,0.3,1,0,10.133333333333333,10.0,7906
2025-11-17,2025,11,17,0,0,0,0,흐림,기타,3.2,-0.7,9.7,0.0,0,0,10.1,9.0,1028
2025-11-18,2025,11,18,1,0,0,0,맑음,기타,1.6,-2.0,6.5,0.0,0,0,10.066666666666666,9.0,1044
2025-11-19,2025,11,19,2,0,0,0,맑음,기타,3.0,-1.6,8.6,0.0,0,0,10.05,9.0,630
2025-11-20,2025,11,20,3,0,0,0,흐림,기타,7.4,1.6,14.6,0.0,0,0,10.016666666666667,9.0,1069
2025-11-21,2025,11,21,4,0,0,0,흐림,기타,7.4,1.0,12.5,0.0,0,0,10.0,10.0,1918
2025-11-22,2025,11,22,5,1,0,0,흐림,기타,9.6,5.4,15.1,0.0,0,0,9.966666666666667,11.0,9015
2025-11-23,2025,11,23,6,1,0,0,흐림,안개,10.9,6.6,14.4,0.0,0,0,9.95,10.0,5688
2025-11-24,2025,11,24,0,0,0,0,비,안개,12.4,9.6,16.8,0.0,0,0,9.916666666666666,9.0,916
2025-11-25,2025,11,25,1,0,0,0,비,비,7.4,5.3,9.6,7.8,1,0,9.9,9.0,355
2025-11-26,2025,11,26,2,0,0,0,흐림,안개,6.4,3.5,10.9,0.0,0,0,9.866666666666667,9.0,1881
2025-11-27,2025,11,27,3,0,0,0,비,비,5.1,2.5,8.7,10.0,1,0,9.85,9.0,360
2025-11-28,2025,11,28,4,0,0,0,맑음,기타,2.3,-1.3,7.0,0.0,0,0,9.833333333333334,9.0,1439
2025-11-29,2025,11,29,5,1,0,0,흐림,비,5.7,0.3,9.3,0.1,1,0,9.8,11.0,7703
2025-11-30,2025,11,30,6,1,0,0,흐림,안개,12.4,9.1,16.1,0.0,0,0,9.783333333333333,10.0,6402
2025-12-01,2025,12,1,0,0,0,0,맑음,안개,5.5,2.3,12.2,0.0,0,0,9.766666666666667,9.0,917
2025-12-02,2025,12,2,1,0,0,0,맑음,기타,0.1,-5.4,3.3,0.0,0,0,9.75,9.0,376
2025-12-03,2025,12,3,2,0,0,0,맑음,기타,-5.9,-8.1,-2.8,0.0,0,0,9.733333333333333,9.0,258
2025-12-04,2025,12,4,3,0,0,0,맑음,눈,-3.2,-9.4,3.5,4.0,1,0,9.716666666666667,9.0,169
2025-12-05,2025,12,5,4,0,0,0,맑음,기타,-2.6,-6.9,2.5,0.0,0,0,9.7,9.0,294
2025-12-06,2025,12,6,5,1,0,0,비,눈,2.1,-2.0,4.5,0.6,1,0,9.683333333333334,11.0,2377
2025-12-07,2025,12,7,6,1,0,0,맑음,안개,8.3,3.4,13.4,0.0,0,0,9.666666666666666,10.0,4136
2025-12-08,2025,12,8,0,0,0,0,맑음,안개,3.4,0.8,7.3,0.0,0,0,9.666666666666666,9.0,445
2025-12-09,2025,12,9,1,0,0,0,흐림,기타,2.8,-2.4,8.7,0.0,0,0,9.65,9.0,608
2025-12-10,2025,12,10,2,0,0,0,흐림,안개,4.9,0.7,8.6,0.0,0,0,9.633333333333333,9.0,1032
2025-12-11,2025,12,11,3,0,0,0,흐림,비,4.0,-1.8,8.4,12.9,1,0,9.616666666666667,9.0,500
2025-12-12,2025,12,12,4,0,0,0,흐림,기타,2.0,-3.6,7.0,0.0,0,0,9.616666666666667,9.0,962
2025-12-13,2025,12,13,5,1,0,0,비,눈,2.6,-0.8,4.5,9.5,1,0,9.6,8.0,371
2025-12-14,2025,12,14,6,1,0,0,흐림,눈,-0.1,-1.5,3.1,0.1,1,0,9.583333333333334,10.0,1865
2025-12-15,2025,12,15,0,0,0,0,흐림,기타,0.7,-3.5,4.5,0.0,0,0,9.6,9.0,422
2025-12-16,2025,12,16,1,0,0,0,비,비,3.8,2.1,5.0,2.1,1,0,9.583333333333334,9.0,287
2025-12-17,2025,12,17,2,0,0,0,흐림,안개,4.2,1.2,7.6,0.0,0,0,9.566666666666666,9.0,685
2025-12-18,2025,12,18,3,0,0,0,맑음,기타,2.3,-1.9,8.5,0.0,0,0,9.583333333333334,9.0,827
2025-12-19,2025,12,19,4,0,0,0,흐림,기타,4.9,-0.7,9.9,0.0,0,0,9.566666666666666,9.0,1683
2025-12-20,2025,12,20,5,1,0,0,비,비,7.3,1.0,10.7,0.3,1,0,9.566666666666666,11.0,2907
2025-12-21,2025,12,21,6,1,0,0,흐림,기타,-1.1,-3.4,2.5,0.0,0,0,9.566666666666666,10.0,2763
2025-12-22,2025,12,22,0,0,0,0,흐림,기타,-0.7,-5.9,5.1,0.0,0,0,9.566666666666666,9.0,950
2025-12-23,2025,12,23,1,0,0,0,비,눈,2.6,0.1,4.3,10.8,1,0,9.566666666666666,9.0,272
2025-12-24,2025,12,24,2,0,0,0,흐림,안개,2.8,-1.0,6.3,0.0,0,0,9.583333333333334,10.0,2020
2025-12-25,2025,12,25,3,0,1,0,맑음,안개,-3.6,-8.9,0.0,0.0,0,0,9.566666666666666,11.0,7750
2025-12-26,2025,12,26,4,0,0,0,맑음,기타,-8.2,-11.8,-4.0,0.0,0,0,9.583333333333334,9.0,427
2025-12-27,2025,12,27,5,1,0,0,흐림,눈,-2.6,-8.3,0.5,0.0,0,0,9.583333333333334,11.0,5604
2025-12-28,2025,12,28,6,1,0,0,비,비,3.2,0.0,6.1,0.6,1,0,9.583333333333334,10.0,4861
2025-12-29,2025,12,29,0,0,0,0,흐림,비,4.9,-0.1,9.1,0.3,1,0,9.6,9.0,2337
2025-12-30,2025,12,30,1,0,0,0,맑음,기타,-0.5,-3.7,3.8,0.0,0,0,9.616666666666667,9.0,2274
2025-12-31,2025,12,31,2,0,0,0,맑음,기타,-5.6,-8.9,-1.2,0.0,0,0,9.6,10.0,1881
