날짜,연도,월,일,요일,주말여부,공휴일,방학,날씨,최저기온,최고기온,운영시간_시간,실입장객
2023-01-01,2023,1,1,6,1,1,1,맑음,-4,4,11.0,4707
2023-01-02,2023,1,2,0,0,0,1,맑음,-7,0,10.0,1427
2023-01-03,2023,1,3,1,0,0,1,맑음,-9,1,10.0,948
2023-01-04,2023,1,4,2,0,0,1,맑음,-6,3,10.0,1122
2023-01-05,2023,1,5,3,0,0,1,흐림,-6,4,10.0,1356
2023-01-06,2023,1,6,4,0,0,1,비,-5,6,11.0,2142
2023-01-07,2023,1,7,5,1,0,1,흐림,-1,4,11.0,7155
2023-01-08,2023,1,8,6,1,0,1,흐림,-4,6,11.0,4689
2023-01-09,2023,1,9,0,0,0,1,흐림,-1,7,10.0,1482
2023-01-10,2023,1,10,1,0,0,1,맑음,-4,9,10.0,1683
2023-01-11,2023,1,11,2,0,0,1,맑음,-2,9,10.0,1629
2023-01-12,2023,1,12,3,0,0,1,맑음,-1,13,10.0,2901
2023-01-13,2023,1,13,4,0,0,1,비,5,10,9.0,229
2023-01-14,2023,1,14,5,1,0,1,비,4,8,9.0,1102
2023-01-15,2023,1,15,6,1,0,1,눈,-3,4,11.0,1965
2023-01-16,2023,1,16,0,0,0,1,흐림,-7,-1,10.0,1355
2023-01-17,2023,1,17,1,0,0,1,흐림,-7,0,10.0,1099
2023-01-18,2023,1,18,2,0,0,1,맑음,-5,2,10.0,1470
2023-01-19,2023,1,19,3,0,0,1,눈,-6,4,10.0,1838
2023-01-20,2023,1,20,4,0,0,1,맑음,-8,2,11.0,1287
2023-01-21,2023,1,21,5,1,1,1,맑음,-10,2,11.0,2083
2023-01-22,2023,1,22,6,1,1,1,눈,-3,3,11.0,3073
2023-01-23,2023,1,23,0,0,1,1,흐림,-7,5,10.0,8373
2023-01-24,2023,1,24,1,0,1,1,맑음,-17,-7,8.0,399
2023-01-25,2023,1,25,2,0,0,1,맑음,-17,-5,8.0,269
2023-01-26,2023,1,26,3,0,0,1,눈,-9,-3,9.0,371
2023-01-27,2023,1,27,4,0,0,1,맑음,-10,-4,9.0,1132
2023-01-28,2023,1,28,5,1,0,1,맑음,-11,-1,11.0,8048
2023-01-29,2023,1,29,6,1,0,1,흐림,-8,5,10.0,6313
2023-01-30,2023,1,30,0,0,0,1,맑음,-4,4,10.0,1243
2023-01-31,2023,1,31,1,0,0,1,흐림,-3,8,10.0,1680
2023-02-01,2023,2,1,2,0,0,1,흐림,-3,6,10.0,1186
2023-02-02,2023,2,2,3,0,0,1,흐림,-5,1,10.0,1165
2023-02-03,2023,2,3,4,0,0,1,흐림,-4,3,10.0,1968
2023-02-04,2023,2,4,5,1,0,1,맑음,-5,6,10.0,11533
2023-02-05,2023,2,5,6,1,0,1,맑음,-3,7,10.0,6453
2023-02-06,2023,2,6,0,0,0,1,흐림,-2,9,10.0,1603
2023-02-07,2023,2,7,1,0,0,1,흐림,-1,10,10.0,1784
2023-02-08,2023,2,8,2,0,0,1,맑음,-1,8,10.0,1998
2023-02-09,2023,2,9,3,0,0,1,흐림,-3,10,10.0,2028
2023-02-10,2023,2,10,4,0,0,1,비,1,6,10.0,2026
2023-02-11,2023,2,11,5,1,0,1,흐림,-1,9,10.0,11635
2023-02-12,2023,2,12,6,1,0,1,흐림,-1,8,10.0,6843
2023-02-13,2023,2,13,0,0,0,1,흐림,3,8,10.0,2060
2023-02-14,2023,2,14,1,0,0,1,맑음,-2,7,10.0,1981
2023-02-15,2023,2,15,2,0,0,1,흐림,-1,9,10.0,1893
2023-02-16,2023,2,16,3,0,0,1,흐림,-1,5,10.0,2132
2023-02-17,2023,2,17,4,0,0,1,흐림,-1,10,10.0,3922
2023-02-18,2023,2,18,5,1,0,1,흐림,3,8,10.0,7532
2023-02-19,2023,2,19,6,1,0,1,비,0,6,10.0,4812
2023-02-20,2023,2,20,0,0,0,1,맑음,-3,2,10.0,2328
2023-02-21,2023,2,21,1,0,0,1,맑음,-5,5,10.0,1751
2023-02-22,2023,2,22,2,0,0,1,흐림,-4,8,10.0,2289
2023-02-23,2023,2,23,3,0,0,1,흐림,-2,9,10.0,3368
2023-02-24,2023,2,24,4,0,0,1,맑음,0,9,10.0,4659
2023-02-25,2023,2,25,5,1,0,1,맑음,-3,6,10.0,10402
2023-02-26,2023,2,26,6,1,0,1,맑음,-3,9,10.0,9225
2023-02-27,2023,2,27,0,0,0,1,맑음,-2,12,10.0,6045
2023-02-28,2023,2,28,1,0,0,1,흐림,-1,9,10.0,6027
2023-03-01,2023,3,1,2,0,1,0,흐림,3,9,10.0,6223
2023-03-02,2023,3,2,3,0,0,0,맑음,-2,7,10.0,547
2023-03-03,2023,3,3,4,0,0,0,흐림,-2,10,10.0,545
2023-03-04,2023,3,4,5,1,0,0,흐림,4,14,10.0,6063
2023-03-05,2023,3,5,6,1,0,0,맑음,3,15,10.0,5821
2023-03-06,2023,3,6,0,0,0,0,맑음,2,17,9.0,461
2023-03-07,2023,3,7,1,0,0,0,맑음,6,19,9.0,425
2023-03-08,2023,3,8,2,0,0,0,비,7,18,9.0,292
2023-03-09,2023,3,9,3,0,0,0,비,7,13,9.0,250
2023-03-10,2023,3,10,4,0,0,0,맑음,6,22,9.0,1043
2023-03-11,2023,3,11,5,1,0,0,흐림,10,23,11.0,10580
2023-03-12,2023,3,12,6,1,0,0,비,1,13,8.0,317
2023-03-13,2023,3,13,0,0,0,0,흐림,-2,8,10.0,386
2023-03-14,2023,3,14,1,0,0,0,흐림,3,15,10.0,515
2023-03-15,2023,3,15,2,0,0,0,흐림,4,14,10.0,445
2023-03-16,2023,3,16,3,0,0,0,흐림,0,9,10.0,524
2023-03-17,2023,3,17,4,0,0,0,흐림,1,13,11.0,935
2023-03-18,2023,3,18,5,1,0,0,맑음,3,14,11.0,10402
2023-03-19,2023,3,19,6,1,0,0,맑음,2,15,11.0,8255
2023-03-20,2023,3,20,0,0,0,0,흐림,3,17,10.0,677
2023-03-21,2023,3,21,1,0,0,0,맑음,5,22,10.0,715
2023-03-22,2023,3,22,2,0,0,0,흐림,9,25,10.0,860
2023-03-23,2023,3,23,3,0,0,0,비,12,23,10.0,761
2023-03-24,2023,3,24,4,0,0,0,흐림,8,18,11.0,1572
2023-03-25,2023,3,25,5,1,0,0,흐림,8,19,11.0,12994
2023-03-26,2023,3,26,6,1,0,0,맑음,5,14,11.0,11184
2023-03-27,2023,3,27,0,0,0,0,맑음,2,15,11.0,1154
2023-03-28,2023,3,28,1,0,0,0,흐림,3,16,11.0,898
2023-03-29,2023,3,29,2,0,0,0,맑음,5,20,11.0,1278
2023-03-30,2023,3,30,3,0,0,0,맑음,6,21,11.0,1853
2023-03-31,2023,3,31,4,0,0,0,맑음,8,24,12.0,4027
2023-04-01,2023,4,1,5,1,0,0,맑음,9,26,12.5,15226
2023-04-02,2023,4,2,6,1,0,0,맑음,12,25,12.5,12085
2023-04-03,2023,4,3,0,0,0,0,흐림,11,26,11.0,3003
2023-04-04,2023,4,4,1,0,0,0,비,13,22,11.0,1292
2023-04-05,2023,4,5,2,0,0,0,비,9,15,7.0,243
2023-04-06,2023,4,6,3,0,0,0,비,7,10,10.0,785
2023-04-07,2023,4,7,4,0,0,0,맑음,5,16,12.0,4172
2023-04-08,2023,4,8,5,1,0,0,맑음,3,15,12.5,10546
2023-04-09,2023,4,9,6,1,0,0,맑음,4,18,12.5,8821
2023-04-10,2023,4,10,0,0,0,0,흐림,6,19,11.0,2002
2023-04-11,2023,4,11,1,0,0,0,비,9,17,9.0,385
2023-04-12,2023,4,12,2,0,0,0,맑음,5,15,11.0,1606
2023-04-13,2023,4,13,3,0,0,0,흐림,5,17,11.0,2487
2023-04-14,2023,4,14,4,0,0,0,흐림,12,21,12.0,3943
2023-04-15,2023,4,15,5,1,0,0,비,9,17,12.5,4784
2023-04-16,2023,4,16,6,1,0,0,비,8,16,12.5,6342
2023-04-17,2023,4,17,0,0,0,0,비,7,18,11.0,3467
2023-04-18,2023,4,18,1,0,0,0,비,11,18,10.0,900
2023-04-19,2023,4,19,2,0,0,0,맑음,12,28,11.0,3689
2023-04-20,2023,4,20,3,0,0,0,비,15,19,11.0,3471
2023-04-21,2023,4,21,4,0,0,0,흐림,11,23,12.0,6683
2023-04-22,2023,4,22,5,1,0,0,흐림,12,23,12.5,16264
2023-04-23,2023,4,23,6,1,0,0,흐림,11,22,12.5,10861
2023-04-24,2023,4,24,0,0,0,0,흐림,12,21,11.0,3832
2023-04-25,2023,4,25,1,0,0,0,비,9,13,9.0,2384
2023-04-26,2023,4,26,2,0,0,0,흐림,7,14,11.0,3560
2023-04-27,2023,4,27,3,0,0,0,맑음,5,20,11.0,5389
2023-04-28,2023,4,28,4,0,0,0,비,9,21,12.0,8177
2023-04-29,2023,4,29,5,1,0,0,비,10,16,12.5,4117
2023-04-30,2023,4,30,6,1,0,0,비,8,18,12.5,15912
2023-05-01,2023,5,1,0,0,0,0,흐림,10,21,12.5,17890
2023-05-02,2023,5,2,1,0,0,0,흐림,9,24,11.0,4998
2023-05-03,2023,5,3,2,0,0,0,흐림,12,26,11.0,6390
2023-05-04,2023,5,4,3,0,0,0,흐림,16,26,11.5,10019
2023-05-05,2023,5,5,4,0,1,0,비,16,22,10.5,949
2023-05-06,2023,5,6,5,1,0,0,비,12,16,10.5,1231
2023-05-07,2023,5,7,6,1,0,0,비,11,19,12.5,6674
2023-05-08,2023,5,8,0,0,0,0,맑음,8,22,11.5,3718
2023-05-09,2023,5,9,1,0,0,0,맑음,10,24,11.0,2591
2023-05-10,2023,5,10,2,0,0,0,흐림,11,26,11.0,3149
2023-05-11,2023,5,11,3,0,0,0,흐림,13,27,11.0,4613
2023-05-12,2023,5,12,4,0,0,0,흐림,13,25,12.0,11433
2023-05-13,2023,5,13,5,1,0,0,흐림,13,24,12.5,15951
2023-05-14,2023,5,14,6,1,0,0,맑음,13,24,12.5,11856
2023-05-15,2023,5,15,0,0,0,0,맑음,13,28,11.0,3380
2023-05-16,2023,5,16,1,0,0,0,맑음,17,31,11.0,3936
2023-05-17,2023,5,17,2,0,0,0,흐림,19,29,11.0,3597
2023-05-18,2023,5,18,3,0,0,0,비,19,28,11.0,3575
2023-05-19,2023,5,19,4,0,0,0,맑음,17,28,12.0,8338
2023-05-20,2023,5,20,5,1,0,0,흐림,17,27,12.5,15884
2023-05-21,2023,5,21,6,1,0,0,흐림,15,22,12.5,8977
2023-05-22,2023,5,22,0,0,0,0,흐림,16,27,11.0,3209
2023-05-23,2023,5,23,1,0,0,0,비,14,27,11.0,2889
2023-05-24,2023,5,24,2,0,0,0,흐림,15,26,11.0,3729
2023-05-25,2023,5,25,3,0,0,0,흐림,16,27,11.0,5368
2023-05-26,2023,5,26,4,0,0,0,흐림,16,27,12.0,4188
2023-05-27,2023,5,27,5,1,1,0,비,19,21,11.5,3840
2023-05-28,2023,5,28,6,1,0,0,비,18,20,9.5,532
2023-05-29,2023,5,29,0,0,1,0,비,19,29,12.5,10394
2023-05-30,2023,5,30,1,0,0,0,비,21,29,11.0,2462
2023-05-31,2023,5,31,2,0,0,0,흐림,19,28,11.0,2523
2023-06-01,2023,6,1,3,0,0,0,흐림,20,26,11.0,3630
2023-06-02,2023,6,2,4,0,0,0,흐림,18,25,12.0,7046
2023-06-03,2023,6,3,5,1,0,0,맑음,17,28,12.5,23868
2023-06-04,2023,6,4,6,1,0,0,흐림,17,28,12.5,22761
2023-06-05,2023,6,5,0,0,0,0,흐림,18,26,12.0,17132
2023-06-06,2023,6,6,1,0,1,0,비,17,25,12.5,13029
2023-06-07,2023,6,7,2,0,0,0,흐림,19,26,11.0,3483
2023-06-08,2023,6,8,3,0,0,0,비,18,24,11.0,1477
2023-06-09,2023,6,9,4,0,0,0,흐림,18,28,12.0,3212
2023-06-10,2023,6,10,5,1,0,0,비,20,29,12.5,6291
2023-06-11,2023,6,11,6,1,0,0,비,18,27,12.5,5635
2023-06-12,2023,6,12,0,0,0,0,비,18,28,11.0,1659
2023-06-13,2023,6,13,1,0,0,0,흐림,19,26,11.0,1406
2023-06-14,2023,6,14,2,0,0,0,비,18,25,11.0,1484
2023-06-15,2023,6,15,3,0,0,0,비,18,28,11.0,1631
2023-06-16,2023,6,16,4,0,0,0,맑음,19,29,12.0,2878
2023-06-17,2023,6,17,5,1,0,0,흐림,19,30,12.5,10217
2023-06-18,2023,6,18,6,1,0,0,흐림,21,33,12.5,5676
2023-06-19,2023,6,19,0,0,0,0,흐림,23,34,11.0,949
2023-06-20,2023,6,20,1,0,0,0,비,21,26,11.0,1044
2023-06-21,2023,6,21,2,0,0,0,비,19,22,11.0,564
2023-06-22,2023,6,22,3,0,0,0,비,19,26,11.0,1505
2023-06-23,2023,6,23,4,0,0,0,흐림,20,30,12.0,2318
2023-06-24,2023,6,24,5,1,0,0,맑음,22,31,12.5,10708
2023-06-25,2023,6,25,6,1,0,0,흐림,23,33,12.5,5821
2023-06-26,2023,6,26,0,0,0,0,비,22,28,8.0,76
2023-06-27,2023,6,27,1,0,0,0,흐림,21,29,11.0,985
2023-06-28,2023,6,28,2,0,0,0,비,24,30,11.0,877
2023-06-29,2023,6,29,3,0,0,0,비,23,26,8.0,109
2023-06-30,2023,6,30,4,0,0,0,비,23,29,12.0,1485
2023-07-01,2023,7,1,5,1,0,1,맑음,23,33,12.5,5676
2023-07-02,2023,7,2,6,1,0,1,흐림,24,31,12.5,4004
2023-07-03,2023,7,3,0,0,0,1,흐림,24,35,11.0,549
2023-07-04,2023,7,4,1,0,0,1,비,25,29,8.0,572
2023-07-05,2023,7,5,2,0,0,1,비,22,27,11.0,886
2023-07-06,2023,7,6,3,0,0,1,흐림,22,32,11.0,871
2023-07-07,2023,7,7,4,0,0,1,흐림,23,31,12.0,2063
2023-07-08,2023,7,8,5,1,0,1,흐림,22,30,12.5,15064
2023-07-09,2023,7,9,6,1,0,1,비,22,27,12.5,7132
2023-07-10,2023,7,10,0,0,0,1,비,23,31,11.0,458
2023-07-11,2023,7,11,1,0,0,1,비,22,26,8.0,52
2023-07-12,2023,7,12,2,0,0,1,비,22,29,11.0,811
2023-07-13,2023,7,13,3,0,0,1,비,25,27,8.0,120
2023-07-14,2023,7,14,4,0,0,1,비,24,25,7.0,224
2023-07-15,2023,7,15,5,1,0,1,비,24,26,9.5,862
2023-07-16,2023,7,16,6,1,0,1,비,24,25,12.5,2366
2023-07-17,2023,7,17,0,0,0,1,비,24,28,11.0,608
2023-07-18,2023,7,18,1,0,0,1,비,24,28,8.0,128
2023-07-19,2023,7,19,2,0,0,1,맑음,23,32,11.0,1069
2023-07-20,2023,7,20,3,0,0,1,흐림,24,33,11.0,1326
2023-07-21,2023,7,21,4,0,0,1,기타,25,34,12.0,1985
2023-07-22,2023,7,22,5,1,0,1,비,25,33,12.5,3286
2023-07-23,2023,7,23,6,1,0,1,비,25,26,10.5,450
2023-07-24,2023,7,24,0,0,0,1,비,25,30,12.0,1417
2023-07-25,2023,7,25,1,0,0,1,비,26,31,12.0,1161
2023-07-26,2023,7,26,2,0,0,1,비,25,31,12.0,1564
2023-07-27,2023,7,27,3,0,0,1,비,24,32,12.0,2405
2023-07-28,2023,7,28,4,0,0,1,흐림,25,34,12.0,2824
2023-07-29,2023,7,29,5,1,0,1,흐림,26,33,12.5,6414
2023-07-30,2023,7,30,6,1,0,1,비,25,35,12.5,4911
2023-07-31,2023,7,31,0,0,0,1,흐림,26,33,12.0,4563
2023-08-01,2023,8,1,1,0,0,1,흐림,26,34,12.0,3471
2023-08-02,2023,8,2,2,0,0,1,흐림,27,34,12.0,3536
2023-08-03,2023,8,3,3,0,0,1,흐림,26,34,12.0,3026
2023-08-04,2023,8,4,4,0,0,1,흐림,27,34,12.0,2968
2023-08-05,2023,8,5,5,1,0,1,흐림,26,35,12.5,4013
2023-08-06,2023,8,6,6,1,0,1,비,27,33,12.5,2435
2023-08-07,2023,8,7,0,0,0,1,흐림,27,35,12.0,1202
2023-08-08,2023,8,8,1,0,0,1,맑음,26,36,12.0,1404
2023-08-09,2023,8,9,2,0,0,1,흐림,25,32,12.0,1319
2023-08-10,2023,8,10,3,0,0,1,비,21,25,4.0,1
2023-08-11,2023,8,11,4,0,0,1,비,22,25,11.0,719
2023-08-12,2023,8,12,5,1,0,1,비,23,24,12.5,7126
2023-08-13,2023,8,13,6,1,0,1,흐림,23,31,12.5,9584
2023-08-14,2023,8,14,0,0,0,1,흐림,25,32,12.0,6539
2023-08-15,2023,8,15,1,0,1,1,흐림,25,33,12.5,7493
2023-08-16,2023,8,16,2,0,0,1,흐림,25,32,12.0,1608
2023-08-17,2023,8,17,3,0,0,1,흐림,25,32,12.0,1512
2023-08-18,2023,8,18,4,0,0,1,흐림,26,33,12.0,1800
2023-08-19,2023,8,19,5,1,0,1,흐림,26,34,12.5,12585
2023-08-20,2023,8,20,6,1,0,1,흐림,26,32,12.5,5235
2023-08-21,2023,8,21,0,0,0,1,흐림,26,34,11.0,1183
2023-08-22,2023,8,22,1,0,0,1,비,26,32,9.0,233
2023-08-23,2023,8,23,2,0,0,1,비,23,27,7.0,30
2023-08-24,2023,8,24,3,0,0,1,비,22,28,11.0,390
2023-08-25,2023,8,25,4,0,0,1,비,24,30,12.0,2473
2023-08-26,2023,8,26,5,1,0,1,흐림,23,30,12.5,9649
2023-08-27,2023,8,27,6,1,0,1,흐림,23,30,11.5,7344
2023-08-28,2023,8,28,0,0,0,1,비,21,26,7.0,60
2023-08-29,2023,8,29,1,0,0,1,비,23,26,7.0,26
2023-08-30,2023,8,30,2,0,0,1,비,22,25,8.0,246
2023-08-31,2023,8,31,3,0,0,1,흐림,21,29,11.0,1448
2023-09-01,2023,9,1,4,0,0,0,맑음,20,30,12.0,2785
2023-09-02,2023,9,2,5,1,0,0,흐림,20,31,12.5,21567
2023-09-03,2023,9,3,6,1,0,0,비,23,29,12.5,15001
2023-09-04,2023,9,4,0,0,0,0,비,24,30,11.0,2528
2023-09-05,2023,9,5,1,0,0,0,비,25,33,11.0,1230
2023-09-06,2023,9,6,2,0,0,0,맑음,24,32,11.0,1780
2023-09-07,2023,9,7,3,0,0,0,맑음,21,32,11.0,2759
2023-09-08,2023,9,8,4,0,0,0,맑음,20,31,12.0,2765
2023-09-09,2023,9,9,5,1,0,0,흐림,21,31,12.5,15586
2023-09-10,2023,9,10,6,1,0,0,흐림,22,30,12.5,11230
2023-09-11,2023,9,11,0,0,0,0,흐림,23,30,11.0,1831
2023-09-12,2023,9,12,1,0,0,0,흐림,22,30,11.0,1416
2023-09-13,2023,9,13,2,0,0,0,비,20,25,8.0,1517
2023-09-14,2023,9,14,3,0,0,0,흐림,19,27,11.0,2543
2023-09-15,2023,9,15,4,0,0,0,비,20,24,9.0,2146
2023-09-16,2023,9,16,5,1,0,0,비,22,27,12.5,6852
2023-09-17,2023,9,17,6,1,0,0,비,22,28,12.5,6287
2023-09-18,2023,9,18,0,0,0,0,비,22,29,11.0,2894
2023-09-19,2023,9,19,1,0,0,0,흐림,22,27,11.0,1459
2023-09-20,2023,9,20,2,0,0,0,비,19,24,8.0,497
2023-09-21,2023,9,21,3,0,0,0,흐림,18,24,11.0,3495
2023-09-22,2023,9,22,4,0,0,0,맑음,15,27,12.0,6381
2023-09-23,2023,9,23,5,1,0,0,흐림,16,28,12.5,18758
2023-09-24,2023,9,24,6,1,0,0,흐림,18,26,12.5,10935
2023-09-25,2023,9,25,0,0,0,0,비,18,26,11.0,2275
2023-09-26,2023,9,26,1,0,0,0,비,19,21,9.0,1072
2023-09-27,2023,9,27,2,0,0,0,비,20,24,11.0,1267
2023-09-28,2023,9,28,3,0,1,0,흐림,20,27,12.5,13032
2023-09-29,2023,9,29,4,0,1,0,흐림,17,27,12.5,13741
2023-09-30,2023,9,30,5,1,1,0,비,17,22,12.5,12315
2023-10-01,2023,10,1,6,1,0,0,맑음,14,24,12.5,20086
2023-10-02,2023,10,2,0,0,1,0,맑음,13,25,12.5,23822
2023-10-03,2023,10,3,1,0,1,0,흐림,14,23,12.5,11245
2023-10-04,2023,10,4,2,0,0,0,비,14,23,11.0,2428
2023-10-05,2023,10,5,3,0,0,0,맑음,10,19,11.0,3724
2023-10-06,2023,10,6,4,0,0,0,흐림,10,22,12.0,6802
2023-10-07,2023,10,7,5,1,0,0,흐림,12,21,12.5,12061
2023-10-08,2023,10,8,6,1,0,0,비,15,20,12.5,17256
2023-10-09,2023,10,9,0,0,1,0,비,14,22,12.5,10315
2023-10-10,2023,10,10,1,0,0,0,맑음,12,24,11.0,2356
2023-10-11,2023,10,11,2,0,0,0,맑음,13,24,11.0,4064
2023-10-12,2023,10,12,3,0,0,0,흐림,12,24,11.0,5103
2023-10-13,2023,10,13,4,0,0,0,흐림,14,22,12.0,8224
2023-10-14,2023,10,14,5,1,0,0,비,13,18,12.5,6893
2023-10-15,2023,10,15,6,1,0,0,맑음,11,21,12.5,13757
2023-10-16,2023,10,16,0,0,0,0,맑음,11,20,11.0,5628
2023-10-17,2023,10,17,1,0,0,0,맑음,8,21,11.0,5316
2023-10-18,2023,10,18,2,0,0,0,흐림,9,22,11.0,6501
2023-10-19,2023,10,19,3,0,0,0,비,15,19,11.0,3687
2023-10-20,2023,10,20,4,0,0,0,맑음,7,15,12.0,9379
2023-10-21,2023,10,21,5,1,0,0,맑음,6,17,12.5,17351
2023-10-22,2023,10,22,6,1,0,0,흐림,5,19,12.5,11212
2023-10-23,2023,10,23,0,0,0,0,흐림,11,21,11.0,3170
2023-10-24,2023,10,24,1,0,0,0,비,11,19,11.0,3679
2023-10-25,2023,10,25,2,0,0,0,흐림,13,22,11.0,5031
2023-10-26,2023,10,26,3,0,0,0,비,15,21,11.0,6364
2023-10-27,2023,10,27,4,0,0,0,흐림,13,20,12.0,8120
2023-10-28,2023,10,28,5,1,0,0,맑음,9,21,12.5,16516
2023-10-29,2023,10,29,6,1,0,0,맑음,10,22,12.5,12221
2023-10-30,2023,10,30,0,0,0,0,맑음,10,22,11.0,3543
2023-10-31,2023,10,31,1,0,0,0,흐림,13,21,11.0,2721
2023-11-01,2023,11,1,2,0,0,0,비,17,21,11.0,4284
2023-11-02,2023,11,2,3,0,0,0,흐림,19,26,11.0,4595
2023-11-03,2023,11,3,4,0,0,0,비,18,22,12.0,4125
2023-11-04,2023,11,4,5,1,0,0,흐림,14,21,12.5,16473
2023-11-05,2023,11,5,6,1,0,0,비,15,20,9.5,722
2023-11-06,2023,11,6,0,0,0,0,비,7,19,9.0,510
2023-11-07,2023,11,7,1,0,0,0,맑음,4,10,9.0,1190
2023-11-08,2023,11,8,2,0,0,0,흐림,2,16,9.0,1648
2023-11-09,2023,11,9,3,0,0,0,비,6,18,9.0,1911
2023-11-10,2023,11,10,4,0,0,0,맑음,1,9,10.0,3247
2023-11-11,2023,11,11,5,1,0,0,맑음,-2,7,11.0,6658
2023-11-12,2023,11,12,6,1,0,0,맑음,-2,6,10.0,3470
2023-11-13,2023,11,13,0,0,0,0,맑음,-2,7,9.0,1668
2023-11-14,2023,11,14,1,0,0,0,맑음,-1,11,9.0,909
2023-11-15,2023,11,15,2,0,0,0,흐림,2,13,9.0,1366
2023-11-16,2023,11,16,3,0,0,0,비,6,7,9.0,270
2023-11-17,2023,11,17,4,0,0,0,눈,-2,6,10.0,1127
2023-11-18,2023,11,18,5,1,0,0,맑음,-4,6,11.0,4068
2023-11-19,2023,11,19,6,1,0,0,흐림,0,13,10.0,4599
2023-11-20,2023,11,20,0,0,0,0,맑음,2,13,9.0,919
2023-11-21,2023,11,21,1,0,0,0,맑음,1,15,9.0,1057
2023-11-22,2023,11,22,2,0,0,0,흐림,3,15,9.0,1127
2023-11-23,2023,11,23,3,0,0,0,흐림,2,15,9.0,1119
2023-11-24,2023,11,24,4,0,0,0,맑음,-4,2,10.0,819
2023-11-25,2023,11,25,5,1,0,0,맑음,-6,4,11.0,4335
2023-11-26,2023,11,26,6,1,0,0,흐림,0,7,10.0,3492
2023-11-27,2023,11,27,0,0,0,0,비,4,9,9.0,232
2023-11-28,2023,11,28,1,0,0,0,맑음,-1,5,9.0,709
2023-11-29,2023,11,29,2,0,0,0,눈,-4,3,9.0,424
2023-11-30,2023,11,30,3,0,0,0,맑음,-7,0,9.0,2181
2023-12-01,2023,12,1,4,0,0,0,맑음,-7,1,9.0,256
2023-12-02,2023,12,2,5,1,0,0,흐림,-4,8,11.0,2509
2023-12-03,2023,12,3,6,1,0,0,맑음,-3,6,10.0,2404
2023-12-04,2023,12,4,0,0,0,0,흐림,-3,9,9.0,309
2023-12-05,2023,12,5,1,0,0,0,흐림,4,13,9.0,454
2023-12-06,2023,12,6,2,0,0,0,비,4,9,9.0,317
2023-12-07,2023,12,7,3,0,0,0,맑음,1,11,9.0,694
2023-12-08,2023,12,8,4,0,0,0,맑음,5,17,9.0,1290
2023-12-09,2023,12,9,5,1,0,0,흐림,12,16,11.0,8390
2023-12-10,2023,12,10,6,1,0,0,흐림,7,16,10.0,7001
2023-12-11,2023,12,11,0,0,0,0,비,5,12,7.0,43
2023-12-12,2023,12,12,1,0,0,0,비,4,9,9.0,437
2023-12-13,2023,12,13,2,0,0,0,흐림,3,10,9.0,856
2023-12-14,2023,12,14,3,0,0,0,비,6,9,7.0,278
2023-12-15,2023,12,15,4,0,0,0,비,4,6,7.0,1034
2023-12-16,2023,12,16,5,1,0,0,눈,-10,4,10.0,2482
2023-12-17,2023,12,17,6,1,0,0,맑음,-12,-6,9.0,511
2023-12-18,2023,12,18,0,0,0,0,흐림,-12,-4,9.0,266
2023-12-19,2023,12,19,1,0,0,0,눈,-8,0,9.0,342
2023-12-20,2023,12,20,2,0,0,0,눈,-12,-2,9.0,246
2023-12-21,2023,12,21,3,0,0,0,맑음,-14,-8,9.0,496
2023-12-22,2023,12,22,4,0,0,0,맑음,-15,-8,9.0,287
2023-12-23,2023,12,23,5,1,0,0,맑음,-13,-1,11.0,2866
2023-12-24,2023,12,24,6,1,0,0,흐림,-6,3,11.0,11233
2023-12-25,2023,12,25,0,0,1,0,눈,-3,2,10.0,6562
2023-12-26,2023,12,26,1,0,0,0,흐림,-3,7,9.0,2179
2023-12-27,2023,12,27,2,0,0,0,맑음,-3,7,9.0,1931
2023-12-28,2023,12,28,3,0,0,0,흐림,-2,4,9.0,2429
2023-12-29,2023,12,29,4,0,0,0,흐림,-1,5,9.0,4808
2023-12-30,2023,12,30,5,1,0,0,눈,-1,2,11.0,7900
2023-12-31,2023,12,31,6,1,0,0,눈,1,4,11.0,6069
2024-01-01,2024,1,1,0,0,1,1,흐림,0,7,10.0,5848
2024-01-02,2024,1,2,1,0,0,1,흐림,2,4,9.0,1753
2024-01-03,2024,1,3,2,0,0,1,눈,-1,4,9.0,939
2024-01-04,2024,1,4,3,0,0,1,흐림,-3,5,9.0,2361
2024-01-05,2024,1,5,4,0,0,1,흐림,1,9,9.0,2171
2024-01-06,2024,1,6,5,1,0,1,맑음,-3,5,11.0,8029
2024-01-07,2024,1,7,6,1,0,1,맑음,-8,-1,10.0,3496
2024-01-08,2024,1,8,0,0,0,1,흐림,-10,0,9.0,649
2024-01-09,2024,1,9,1,0,0,1,눈,-2,0,9.0,481
2024-01-10,2024,1,10,2,0,0,1,흐림,-4,3,9.0,1061
2024-01-11,2024,1,11,3,0,0,1,흐림,-2,5,9.0,1632
2024-01-12,2024,1,12,4,0,0,1,맑음,-1,4,9.0,2801
2024-01-13,2024,1,13,5,1,0,1,맑음,-4,6,11.0,10175
2024-01-14,2024,1,14,6,1,0,1,비,-3,2,10.0,1950
2024-01-15,2024,1,15,0,0,0,1,맑음,-7,1,9.0,907
2024-01-16,2024,1,16,1,0,0,1,맑음,-7,4,9.0,1916
2024-01-17,2024,1,17,2,0,0,1,눈,-2,2,9.0,874
2024-01-18,2024,1,18,3,0,0,1,흐림,1,9,9.0,1897
2024-01-19,2024,1,19,4,0,0,1,흐림,4,9,9.0,3472
2024-01-20,2024,1,20,5,1,0,1,비,2,5,10.0,9560
2024-01-21,2024,1,21,6,1,0,1,눈,-2,4,10.0,5067
2024-01-22,2024,1,22,0,0,0,1,눈,-12,-2,9.0,506
2024-01-23,2024,1,23,1,0,0,1,맑음,-14,-8,9.0,233
2024-01-24,2024,1,24,2,0,0,1,맑음,-11,-4,9.0,488
2024-01-25,2024,1,25,3,0,0,1,맑음,-10,0,9.0,515
2024-01-26,2024,1,26,4,0,0,1,맑음,-7,4,9.0,2432
2024-01-27,2024,1,27,5,1,0,1,흐림,-5,5,11.0,10101
2024-01-28,2024,1,28,6,1,0,1,맑음,-5,4,10.0,6247
2024-01-29,2024,1,29,0,0,0,1,맑음,-5,5,9.0,1295
2024-01-30,2024,1,30,1,0,0,1,맑음,-4,8,9.0,1399
2024-01-31,2024,1,31,2,0,0,1,흐림,1,11,9.0,1848
2024-02-01,2024,2,1,3,0,0,1,흐림,-1,8,9.0,1503
2024-02-02,2024,2,2,4,0,0,1,흐림,1,8,9.0,2859
2024-02-03,2024,2,3,5,1,0,1,비,0,8,11.0,7915
2024-02-04,2024,2,4,6,1,0,1,흐림,4,12,10.0,7204
2024-02-05,2024,2,5,0,0,0,1,눈,0,7,9.0,146
2024-02-06,2024,2,6,1,0,0,1,비,0,3,9.0,985
2024-02-07,2024,2,7,2,0,0,1,눈,-1,3,9.0,924
2024-02-08,2024,2,8,3,0,0,1,맑음,-3,6,9.0,1458
2024-02-09,2024,2,9,4,0,1,1,흐림,-2,6,11.0,4792
2024-02-10,2024,2,10,5,1,1,1,맑음,-1,7,11.0,4344
2024-02-11,2024,2,11,6,1,1,1,맑음,-3,6,11.0,6413
2024-02-12,2024,2,12,0,0,1,1,맑음,-3,11,10.0,7341
2024-02-13,2024,2,13,1,0,0,1,흐림,2,14,9.0,2654
2024-02-14,2024,2,14,2,0,0,1,흐림,9,18,9.0,1988
2024-02-15,2024,2,15,3,0,0,1,눈,1,12,8.0,165
2024-02-16,2024,2,16,4,0,0,1,맑음,-1,8,9.0,2978
2024-02-17,2024,2,17,5,1,0,1,맑음,-1,12,11.0,11433
2024-02-18,2024,2,18,6,1,0,1,비,1,9,10.0,5543
2024-02-19,2024,2,19,0,0,0,1,비,4,12,9.0,159
2024-02-20,2024,2,20,1,0,0,1,비,3,7,9.0,1106
2024-02-21,2024,2,21,2,0,0,1,눈,0,4,7.0,835
2024-02-22,2024,2,22,3,0,0,1,눈,-1,2,9.0,415
2024-02-23,2024,2,23,4,0,0,1,흐림,-1,6,10.0,2076
2024-02-24,2024,2,24,5,1,0,1,비,-1,6,11.0,9103
2024-02-25,2024,2,25,6,1,0,1,흐림,1,6,10.0,5598
2024-02-26,2024,2,26,0,0,0,1,맑음,-1,10,9.0,3404
2024-02-27,2024,2,27,1,0,0,1,흐림,1,10,9.0,3904
2024-02-28,2024,2,28,2,0,0,1,흐림,3,10,9.0,4931
2024-02-29,2024,2,29,3,0,0,1,흐림,0,10,9.0,4243
2024-03-01,2024,3,1,4,0,1,0,맑음,-7,0,11.0,4726
2024-03-02,2024,3,2,5,1,0,0,눈,-8,4,11.0,3293
2024-03-03,2024,3,3,6,1,0,0,맑음,0,8,10.0,3461
2024-03-04,2024,3,4,0,0,0,0,흐림,-2,12,10.0,629
2024-03-05,2024,3,5,1,0,0,0,비,6,11,10.0,103
2024-03-06,2024,3,6,2,0,0,0,흐림,3,10,10.0,278
2024-03-07,2024,3,7,3,0,0,0,비,1,8,9.0,178
2024-03-08,2024,3,8,4,0,0,0,맑음,-1,7,10.0,327
2024-03-09,2024,3,9,5,1,0,0,맑음,-2,7,11.0,3535
2024-03-10,2024,3,10,6,1,0,0,맑음,-2,11,10.0,4936
2024-03-11,2024,3,11,0,0,0,0,흐림,2,11,9.0,357
2024-03-12,2024,3,12,1,0,0,0,비,4,10,9.0,115
2024-03-13,2024,3,13,2,0,0,0,맑음,1,12,9.0,399
2024-03-14,2024,3,14,3,0,0,0,맑음,3,15,9.0,513
2024-03-15,2024,3,15,4,0,0,0,맑음,4,15,9.0,1065
2024-03-16,2024,3,16,5,1,0,0,흐림,4,18,11.0,11980
2024-03-17,2024,3,17,6,1,0,0,흐림,5,12,10.0,5810
2024-03-18,2024,3,18,0,0,0,0,맑음,1,13,9.0,510
2024-03-19,2024,3,19,1,0,0,0,비,4,10,9.0,181
2024-03-20,2024,3,20,2,0,0,0,맑음,1,9,9.0,316
2024-03-21,2024,3,21,3,0,0,0,맑음,-1,12,9.0,438
2024-03-22,2024,3,22,4,0,0,0,비,4,15,9.0,526
2024-03-23,2024,3,23,5,1,0,0,흐림,9,18,11.0,11949
2024-03-24,2024,3,24,6,1,0,0,흐림,11,23,11.0,12751
2024-03-25,2024,3,25,0,0,0,0,비,7,15,9.0,372
2024-03-26,2024,3,26,1,0,0,0,비,3,12,10.0,411
2024-03-27,2024,3,27,2,0,0,0,흐림,4,16,10.0,1068
2024-03-28,2024,3,28,3,0,0,0,비,8,12,9.0,258
2024-03-29,2024,3,29,4,0,0,0,비,5,12,11.0,1478
2024-03-30,2024,3,30,5,1,0,0,비,3,16,11.0,10455
2024-03-31,2024,3,31,6,1,0,0,맑음,3,18,11.0,10340
2024-04-01,2024,4,1,0,0,0,0,맑음,6,19,11.0,2028
2024-04-02,2024,4,2,1,0,0,0,흐림,7,24,11.0,1804
2024-04-03,2024,4,3,2,0,0,0,비,14,20,11.0,1115
2024-04-04,2024,4,4,3,0,0,0,흐림,12,20,11.0,2453
2024-04-05,2024,4,5,4,0,0,0,흐림,10,19,12.0,6394
2024-04-06,2024,4,6,5,1,0,0,흐림,8,19,12.5,17241
2024-04-07,2024,4,7,6,1,0,0,맑음,8,23,12.5,13047
2024-04-08,2024,4,8,0,0,0,0,흐림,11,23,11.0,2576
2024-04-09,2024,4,9,1,0,0,0,맑음,11,21,11.0,6073
2024-04-10,2024,4,10,2,0,1,0,흐림,10,19,12.5,15573
2024-04-11,2024,4,11,3,0,0,0,비,12,21,11.0,2281
2024-04-12,2024,4,12,4,0,0,0,맑음,12,24,12.0,5618
2024-04-13,2024,4,13,5,1,0,0,맑음,11,27,12.5,16094
2024-04-14,2024,4,14,6,1,0,0,흐림,14,29,12.5,11415
2024-04-15,2024,4,15,0,0,0,0,비,12,20,9.0,220
2024-04-16,2024,4,16,1,0,0,0,비,12,18,11.0,3112
2024-04-17,2024,4,17,2,0,0,0,흐림,10,22,11.0,3015
2024-04-18,2024,4,18,3,0,0,0,맑음,11,25,11.0,3863
2024-04-19,2024,4,19,4,0,0,0,흐림,12,24,12.0,5686
2024-04-20,2024,4,20,5,1,0,0,비,13,17,12.5,4563
2024-04-21,2024,4,21,6,1,0,0,흐림,13,22,12.5,10210
2024-04-22,2024,4,22,0,0,0,0,흐림,15,24,11.0,3103
2024-04-23,2024,4,23,1,0,0,0,비,13,24,11.0,3068
2024-04-24,2024,4,24,2,0,0,0,비,11,17,11.0,2242
2024-04-25,2024,4,25,3,0,0,0,흐림,10,21,11.0,4222
2024-04-26,2024,4,26,4,0,0,0,흐림,11,26,12.0,6904
2024-04-27,2024,4,27,5,1,0,0,맑음,12,26,12.5,18576
2024-04-28,2024,4,28,6,1,0,0,흐림,13,29,12.5,13586
2024-04-29,2024,4,29,0,0,0,0,비,17,26,11.0,3066
2024-04-30,2024,4,30,1,0,0,0,흐림,16,23,11.0,7846
2024-05-01,2024,5,1,2,0,0,0,흐림,14,24,13.0,18208
2024-05-02,2024,5,2,3,0,0,0,맑음,12,24,11.0,5809
2024-05-03,2024,5,3,4,0,0,0,맑음,12,28,12.0,9688
2024-05-04,2024,5,4,5,1,0,0,흐림,15,29,13.0,20670
2024-05-05,2024,5,5,6,1,1,0,비,16,21,10.0,975
2024-05-06,2024,5,6,0,0,1,0,비,13,16,9.5,1620
2024-05-07,2024,5,7,1,0,0,0,비,12,15,9.0,1661
2024-05-08,2024,5,8,2,0,0,0,맑음,9,21,11.0,3888
2024-05-09,2024,5,9,3,0,0,0,맑음,11,22,11.0,4193
2024-05-10,2024,5,10,4,0,0,0,맑음,13,24,12.0,11182
2024-05-11,2024,5,11,5,1,0,0,비,14,22,10.5,5989
2024-05-12,2024,5,12,6,1,0,0,흐림,12,22,12.5,11616
2024-05-13,2024,5,13,0,0,0,0,맑음,12,25,11.0,4233
2024-05-14,2024,5,14,1,0,0,0,맑음,13,25,11.0,9775
2024-05-15,2024,5,15,2,0,1,0,비,7,19,9.5,4706
2024-05-16,2024,5,16,3,0,0,0,맑음,7,20,11.0,3778
2024-05-17,2024,5,17,4,0,0,0,흐림,11,25,12.0,6202
2024-05-18,2024,5,18,5,1,0,0,맑음,16,27,12.5,19326
2024-05-19,2024,5,19,6,1,0,0,맑음,16,28,12.5,12288
2024-05-20,2024,5,20,0,0,0,0,비,17,23,11.0,2540
2024-05-21,2024,5,21,1,0,0,0,흐림,16,28,11.0,2986
2024-05-22,2024,5,22,2,0,0,0,흐림,16,26,11.0,3294
2024-05-23,2024,5,23,3,0,0,0,맑음,16,26,11.0,3755
2024-05-24,2024,5,24,4,0,0,0,흐림,16,25,12.0,6667
2024-05-25,2024,5,25,5,1,0,0,흐림,19,25,12.5,14795
2024-05-26,2024,5,26,6,1,0,0,비,17,24,10.5,3942
2024-05-27,2024,5,27,0,0,0,0,흐림,14,23,11.0,1931
2024-05-28,2024,5,28,1,0,0,0,맑음,14,26,11.0,3380
2024-05-29,2024,5,29,2,0,0,0,흐림,15,27,11.0,3338
2024-05-30,2024,5,30,3,0,0,0,흐림,16,25,11.0,3730
2024-05-31,2024,5,31,4,0,0,0,비,17,25,12.0,7040
2024-06-01,2024,6,1,5,1,0,0,흐림,18,25,12.5,12347
2024-06-02,2024,6,2,6,1,0,0,맑음,16,26,12.5,10618
2024-06-03,2024,6,3,0,0,0,0,맑음,16,29,11.0,2208
2024-06-04,2024,6,4,1,0,0,0,맑음,16,29,11.0,2021
2024-06-05,2024,6,5,2,0,0,0,흐림,18,30,11.0,3826
2024-06-06,2024,6,6,3,0,1,0,흐림,19,31,12.5,15992
2024-06-07,2024,6,7,4,0,0,0,비,18,28,12.0,16412
2024-06-08,2024,6,8,5,1,0,0,비,18,25,12.5,5888
2024-06-09,2024,6,9,6,1,0,0,흐림,17,29,12.5,8292
2024-06-10,2024,6,10,0,0,0,0,맑음,19,31,11.0,1688
2024-06-11,2024,6,11,1,0,0,0,흐림,22,32,11.0,1241
2024-06-12,2024,6,12,2,0,0,0,흐림,19,32,11.0,1491
2024-06-13,2024,6,13,3,0,0,0,맑음,20,33,11.0,1341
2024-06-14,2024,6,14,4,0,0,0,비,21,33,12.0,3166
2024-06-15,2024,6,15,5,1,0,0,비,22,28,12.5,16520
2024-06-16,2024,6,16,6,1,0,0,맑음,20,30,12.5,16675
2024-06-17,2024,6,17,0,0,0,0,흐림,19,30,11.0,1645
2024-06-18,2024,6,18,1,0,0,0,맑음,20,33,11.0,1632
2024-06-19,2024,6,19,2,0,0,0,흐림,21,36,11.0,1512
2024-06-20,2024,6,20,3,0,0,0,흐림,23,35,11.0,1304
2024-06-21,2024,6,21,4,0,0,0,흐림,23,34,12.0,2900
2024-06-22,2024,6,22,5,1,0,0,비,23,26,12.5,4124
2024-06-23,2024,6,23,6,1,0,0,흐림,23,30,12.5,7602
2024-06-24,2024,6,24,0,0,0,0,흐림,21,28,11.0,1323
2024-06-25,2024,6,25,1,0,0,0,흐림,19,27,11.0,1594
2024-06-26,2024,6,26,2,0,0,0,맑음,19,32,11.0,1581
2024-06-27,2024,6,27,3,0,0,0,흐림,21,32,11.0,1669
2024-06-28,2024,6,28,4,0,0,0,맑음,21,33,12.0,4089
2024-06-29,2024,6,29,5,1,0,0,비,22,32,11.5,8429
2024-06-30,2024,6,30,6,1,0,0,비,22,25,12.5,4241
2024-07-01,2024,7,1,0,0,0,1,흐림,22,31,11.0,1238
2024-07-02,2024,7,2,1,0,0,1,비,22,25,7.0,35
2024-07-03,2024,7,3,2,0,0,1,비,24,26,11.0,921
2024-07-04,2024,7,4,3,0,0,1,비,23,31,11.0,850
2024-07-05,2024,7,5,4,0,0,1,비,21,26,12.0,2441
2024-07-06,2024,7,6,5,1,0,1,비,22,30,12.5,3703
2024-07-07,2024,7,7,6,1,0,1,비,22,28,12.5,5462
2024-07-08,2024,7,8,0,0,0,1,비,23,25,8.0,176
2024-07-09,2024,7,9,1,0,0,1,비,23,27,9.0,270
2024-07-10,2024,7,10,2,0,0,1,비,23,31,11.0,572
2024-07-11,2024,7,11,3,0,0,1,흐림,23,29,11.0,1157
2024-07-12,2024,7,12,4,0,0,1,흐림,22,30,12.0,2141
2024-07-13,2024,7,13,5,1,0,1,맑음,24,33,12.5,14875
2024-07-14,2024,7,14,6,1,0,1,비,25,32,12.5,9809
2024-07-15,2024,7,15,0,0,0,1,흐림,25,31,11.0,1032
2024-07-16,2024,7,16,1,0,0,1,비,25,31,9.0,424
2024-07-17,2024,7,17,2,0,0,1,비,24,28,9.0,145
2024-07-18,2024,7,18,3,0,0,1,비,23,26,8.0,23
2024-07-19,2024,7,19,4,0,0,1,비,24,31,12.0,1798
2024-07-20,2024,7,20,5,1,0,1,비,25,31,12.5,2757
2024-07-21,2024,7,21,6,1,0,1,비,23,30,12.5,3333
2024-07-22,2024,7,22,0,0,0,1,비,24,28,9.0,418
2024-07-23,2024,7,23,1,0,0,1,비,26,27,8.0,207
2024-07-24,2024,7,24,2,0,0,1,비,26,31,11.0,910
2024-07-25,2024,7,25,3,0,0,1,비,25,32,11.0,1504
2024-07-26,2024,7,26,4,0,0,1,비,25,33,12.0,1674
2024-07-27,2024,7,27,5,1,0,1,비,28,32,12.5,3641
2024-07-28,2024,7,28,6,1,0,1,흐림,27,32,12.5,5775
2024-07-29,2024,7,29,0,0,0,1,비,27,32,12.0,4724
2024-07-30,2024,7,30,1,0,0,1,흐림,26,32,12.0,4947
2024-07-31,2024,7,31,2,0,0,1,흐림,27,33,12.0,5092
2024-08-01,2024,8,1,3,0,0,1,흐림,27,33,12.0,4756
2024-08-02,2024,8,2,4,0,0,1,비,27,33,12.0,4345
2024-08-03,2024,8,3,5,1,0,1,흐림,28,33,12.5,4671
2024-08-04,2024,8,4,6,1,0,1,흐림,27,34,12.5,3111
2024-08-05,2024,8,5,0,0,0,1,비,27,34,12.0,1519
2024-08-06,2024,8,6,1,0,0,1,비,26,34,12.0,1470
2024-08-07,2024,8,7,2,0,0,1,비,27,33,12.0,1459
2024-08-08,2024,8,8,3,0,0,1,비,27,32,12.0,1538
2024-08-09,2024,8,9,4,0,0,1,비,26,34,12.0,2508
2024-08-10,2024,8,10,5,1,0,1,흐림,26,34,12.5,4968
2024-08-11,2024,8,11,6,1,0,1,흐림,28,34,12.5,3954
2024-08-12,2024,8,12,0,0,0,1,흐림,28,34,12.0,1507
2024-08-13,2024,8,13,1,0,0,1,비,28,36,12.0,1485
2024-08-14,2024,8,14,2,0,0,1,흐림,27,35,12.0,1994
2024-08-15,2024,8,15,3,0,1,1,흐림,27,35,12.5,5174
2024-08-16,2024,8,16,4,0,0,1,흐림,27,34,12.0,3193
2024-08-17,2024,8,17,5,1,0,1,흐림,27,34,12.5,5472
2024-08-18,2024,8,18,6,1,0,1,비,27,34,12.5,3515
2024-08-19,2024,8,19,0,0,0,1,흐림,26,35,11.0,1826
2024-08-20,2024,8,20,1,0,0,1,흐림,27,35,11.0,682
2024-08-21,2024,8,21,2,0,0,1,비,27,31,8.0,92
2024-08-22,2024,8,22,3,0,0,1,비,27,30,11.0,248
2024-08-23,2024,8,23,4,0,0,1,흐림,26,32,12.0,1728
2024-08-24,2024,8,24,5,1,0,1,비,25,31,12.5,9477
2024-08-25,2024,8,25,6,1,0,1,흐림,25,33,12.5,5131
2024-08-26,2024,8,26,0,0,0,1,비,26,31,11.0,771
2024-08-27,2024,8,27,1,0,0,1,비,25,30,9.0,619
2024-08-28,2024,8,28,2,0,0,1,맑음,23,33,9.0,685
2024-08-29,2024,8,29,3,0,0,1,맑음,23,34,9.0,741
2024-08-30,2024,8,30,4,0,0,1,맑음,24,33,12.0,2528
2024-08-31,2024,8,31,5,1,0,1,맑음,23,33,12.5,8023
2024-09-01,2024,9,1,6,1,0,0,흐림,25,32,12.0,5891
2024-09-02,2024,9,2,0,0,0,0,비,22,27,11.0,761
2024-09-03,2024,9,3,1,0,0,0,흐림,23,32,9.0,845
2024-09-04,2024,9,4,2,0,0,0,흐림,23,33,9.0,1604
2024-09-05,2024,9,5,3,0,0,0,비,26,29,9.0,2325
2024-09-06,2024,9,6,4,0,0,0,비,23,26,12.0,2659
2024-09-07,2024,9,7,5,1,0,0,흐림,23,31,12.5,14585
2024-09-08,2024,9,8,6,1,0,0,맑음,23,33,12.5,7138
2024-09-09,2024,9,9,0,0,0,0,흐림,24,34,11.0,1460
2024-09-10,2024,9,10,1,0,0,0,맑음,26,34,11.0,2297
2024-09-11,2024,9,11,2,0,0,0,비,25,35,11.0,1215
2024-09-12,2024,9,12,3,0,0,0,비,25,27,9.0,836
2024-09-13,2024,9,13,4,0,0,0,비,24,28,10.0,703
2024-09-14,2024,9,14,5,1,0,0,비,25,32,12.5,6166
2024-09-15,2024,9,15,6,1,0,0,흐림,24,32,12.5,11532
2024-09-16,2024,9,16,0,0,1,0,흐림,21,32,12.5,13017
2024-09-17,2024,9,17,1,0,1,0,비,26,33,12.5,9221
2024-09-18,2024,9,18,2,0,1,0,흐림,27,34,12.5,5393
2024-09-19,2024,9,19,3,0,0,0,흐림,27,34,11.0,1711
2024-09-20,2024,9,20,4,0,0,0,비,18,29,9.0,607
2024-09-21,2024,9,21,5,1,0,0,비,17,22,12.5,5857
2024-09-22,2024,9,22,6,1,0,0,흐림,17,27,12.5,11375
2024-09-23,2024,9,23,0,0,0,0,맑음,17,26,11.0,2622
2024-09-24,2024,9,24,1,0,0,0,맑음,16,27,11.0,4295
2024-09-25,2024,9,25,2,0,0,0,흐림,19,27,11.0,3270
2024-09-26,2024,9,26,3,0,0,0,흐림,21,28,11.0,4305
2024-09-27,2024,9,27,4,0,0,0,흐림,19,28,12.0,7128
2024-09-28,2024,9,28,5,1,0,0,흐림,19,28,12.5,18027
2024-09-29,2024,9,29,6,1,0,0,맑음,19,29,12.5,12018
2024-09-30,2024,9,30,0,0,0,0,흐림,18,29,12.5,4134
2024-10-01,2024,10,1,1,0,1,0,비,13,22,12.5,10708
2024-10-02,2024,10,2,2,0,0,0,맑음,12,20,12.5,5625
2024-10-03,2024,10,3,3,0,1,0,맑음,11,23,12.5,18916
2024-10-04,2024,10,4,4,0,0,0,맑음,12,24,12.5,15466
2024-10-05,2024,10,5,5,1,0,0,흐림,12,24,12.5,14871
2024-10-06,2024,10,6,6,1,0,0,비,12,18,12.5,7149
2024-10-07,2024,10,7,0,0,0,0,흐림,14,21,11.0,2390
2024-10-08,2024,10,8,1,0,0,0,맑음,13,24,11.0,11337
2024-10-09,2024,10,9,2,0,1,0,흐림,14,24,12.5,14807
2024-10-10,2024,10,10,3,0,0,0,비,15,24,11.0,3780
2024-10-11,2024,10,11,4,0,0,0,맑음,14,24,12.0,12572
2024-10-12,2024,10,12,5,1,0,0,맑음,13,25,12.5,19163
2024-10-13,2024,10,13,6,1,0,0,흐림,13,23,12.5,10839
2024-10-14,2024,10,14,0,0,0,0,비,18,22,11.0,2572
2024-10-15,2024,10,15,1,0,0,0,비,18,22,11.0,2660
2024-10-16,2024,10,16,2,0,0,0,흐림,14,24,11.0,5179
2024-10-17,2024,10,17,3,0,0,0,흐림,14,26,11.0,8859
2024-10-18,2024,10,18,4,0,0,0,비,16,19,9.0,6706
2024-10-19,2024,10,19,5,1,0,0,흐림,12,21,12.5,16810
2024-10-20,2024,10,20,6,1,0,0,맑음,11,18,12.5,12647
2024-10-21,2024,10,21,0,0,0,0,비,10,19,11.0,3072
2024-10-22,2024,10,22,1,0,0,0,비,15,17,9.0,2228
2024-10-23,2024,10,23,2,0,0,0,흐림,9,16,11.0,3503
2024-10-24,2024,10,24,3,0,0,0,맑음,7,18,11.0,8244
2024-10-25,2024,10,25,4,0,0,0,흐림,9,22,12.0,10888
2024-10-26,2024,10,26,5,1,0,0,흐림,11,24,12.5,24497
2024-10-27,2024,10,27,6,1,0,0,비,14,19,12.5,14371
2024-10-28,2024,10,28,0,0,0,0,흐림,12,20,11.0,3207
2024-10-29,2024,10,29,1,0,0,0,비,13,18,11.0,3391
2024-10-30,2024,10,30,2,0,0,0,맑음,11,21,11.0,4045
2024-10-31,2024,10,31,3,0,0,0,맑음,11,23,11.0,6100
2024-11-01,2024,11,1,4,0,0,0,흐림,13,19,12.0,7736
2024-11-02,2024,11,2,5,1,0,0,맑음,13,25,12.5,18560
2024-11-03,2024,11,3,6,1,0,0,흐림,13,24,12.5,13750
2024-11-04,2024,11,4,0,0,0,0,흐림,9,18,10.0,3197
2024-11-05,2024,11,5,1,0,0,0,흐림,6,15,10.0,2435
2024-11-06,2024,11,6,2,0,0,0,맑음,4,13,10.0,1924
2024-11-07,2024,11,7,3,0,0,0,맑음,2,16,10.0,1884
2024-11-08,2024,11,8,4,0,0,0,맑음,3,18,10.0,5359
2024-11-09,2024,11,9,5,1,0,0,맑음,7,20,12.0,16389
2024-11-10,2024,11,10,6,1,0,0,흐림,10,21,12.0,11306
2024-11-11,2024,11,11,0,0,0,0,맑음,10,22,10.0,4556
2024-11-12,2024,11,12,1,0,0,0,맑음,11,19,10.0,2513
2024-11-13,2024,11,13,2,0,0,0,맑음,8,21,10.0,2995
2024-11-14,2024,11,14,3,0,0,0,비,13,17,10.0,2573
2024-11-15,2024,11,15,4,0,0,0,비,14,22,11.0,4600
2024-11-16,2024,11,16,5,1,0,0,비,14,23,12.0,10492
2024-11-17,2024,11,17,6,1,0,0,흐림,2,14,11.0,6918
2024-11-18,2024,11,18,0,0,0,0,맑음,-1,8,9.0,966
2024-11-19,2024,11,19,1,0,0,0,흐림,0,11,9.0,851
2024-11-20,2024,11,20,2,0,0,0,비,2,10,9.0,1251
2024-11-21,2024,11,21,3,0,0,0,비,6,14,9.0,1205
2024-11-22,2024,11,22,4,0,0,0,맑음,3,11,10.0,2309
2024-11-23,2024,11,23,5,1,0,0,맑음,2,13,11.0,11590
2024-11-24,2024,11,24,6,1,0,0,맑음,3,14,11.0,7721
2024-11-25,2024,11,25,0,0,0,0,흐림,4,15,9.0,1540
2024-11-26,2024,11,26,1,0,0,0,비,1,13,8.0,243
2024-11-27,2024,11,27,2,0,0,0,눈,-1,1,7.0,42
2024-11-29,2024,11,29,4,0,0,0,맑음,-3,3,9.0,262
2024-11-30,2024,11,30,5,1,0,0,비,-1,6,11.0,4024
2024-12-01,2024,12,1,6,1,0,0,흐림,2,8,10.0,3525
2024-12-02,2024,12,2,0,0,0,0,비,1,13,9.0,516
2024-12-03,2024,12,3,1,0,0,0,흐림,-2,5,9.0,342
2024-12-04,2024,12,4,2,0,0,0,맑음,-1,7,9.0,402
2024-12-05,2024,12,5,3,0,0,0,비,0,9,9.0,394
2024-12-06,2024,12,6,4,0,0,0,맑음,0,5,9.0,1000
2024-12-07,2024,12,7,5,1,0,0,맑음,-3,5,11.0,3983
2024-12-08,2024,12,8,6,1,0,0,맑음,-4,4,10.0,2074
2024-12-09,2024,12,9,0,0,0,0,맑음,-4,7,9.0,461
2024-12-10,2024,12,10,1,0,0,0,흐림,-2,7,9.0,529
2024-12-11,2024,12,11,2,0,0,0,흐림,0,8,9.0,452
2024-12-12,2024,12,12,3,0,0,0,흐림,-3,5,9.0,439
2024-12-13,2024,12,13,4,0,0,0,눈,-2,5,9.0,672
2024-12-14,2024,12,14,5,1,0,0,맑음,-4,3,11.0,3427
2024-12-15,2024,12,15,6,1,0,0,눈,-2,5,10.0,2145
2024-12-16,2024,12,16,0,0,0,0,눈,-3,4,9.0,431
2024-12-17,2024,12,17,1,0,0,0,맑음,-4,4,9.0,395
2024-12-18,2024,12,18,2,0,0,0,맑음,-6,1,9.0,365
2024-12-19,2024,12,19,3,0,0,0,흐림,-7,5,9.0,330
2024-12-20,2024,12,20,4,0,0,0,흐림,-2,5,9.0,988
2024-12-21,2024,12,21,5,1,0,0,눈,-5,2,11.0,4632
2024-12-22,2024,12,22,6,1,0,0,맑음,-8,1,10.0,2704
2024-12-23,2024,12,23,0,0,0,0,맑음,-5,7,9.0,982
2024-12-24,2024,12,24,1,0,0,0,맑음,-4,5,10.0,2257
2024-12-25,2024,12,25,2,0,1,0,흐림,-1,7,11.0,11871
2024-12-26,2024,12,26,3,0,0,0,맑음,-5,4,9.0,1863
2024-12-27,2024,12,27,4,0,0,0,맑음,-6,2,9.0,1650
2024-12-28,2024,12,28,5,1,0,0,맑음,-7,1,11.0,5380
2024-12-29,2024,12,29,6,1,0,0,흐림,-4,6,10.0,4711
2024-12-30,2024,12,30,0,0,0,0,흐림,2,10,9.0,3339
2024-12-31,2024,12,31,1,0,0,0,맑음,-2,5,10.0,2543
2025-01-01,2025,1,1,2,0,1,1,흐림,-3,9,10.0,4138
2025-01-02,2025,1,2,3,0,0,1,맑음,-3,6,9.0,1324
2025-01-03,2025,1,3,4,0,0,1,눈,-5,3,10.0,1396
2025-01-04,2025,1,4,5,1,0,1,맑음,-5,6,11.0,5235
2025-01-05,2025,1,5,6,1,0,1,눈,-1,3,10.0,1094
2025-01-06,2025,1,6,0,0,0,1,흐림,-3,3,9.0,714
2025-01-07,2025,1,7,1,0,0,1,맑음,-6,2,9.0,681
2025-01-08,2025,1,8,2,0,0,1,흐림,-6,0,9.0,612
2025-01-09,2025,1,9,3,0,0,1,맑음,-12,-6,9.0,418
2025-01-10,2025,1,10,4,0,0,1,맑음,-12,-2,10.0,738
2025-01-11,2025,1,11,5,1,0,1,맑음,-10,0,11.0,5264
2025-01-12,2025,1,12,6,1,0,1,맑음,-8,3,10.0,3167
2025-01-13,2025,1,13,0,0,0,1,눈,-6,4,9.0,1010
2025-01-14,2025,1,14,1,0,0,1,흐림,-2,5,9.0,1393
2025-01-15,2025,1,15,2,0,0,1,맑음,-5,0,9.0,1126
2025-01-16,2025,1,16,3,0,0,1,눈,-5,3,9.0,1319
2025-01-17,2025,1,17,4,0,0,1,맑음,-5,6,10.0,2534
2025-01-18,2025,1,18,5,1,0,1,맑음,-4,8,11.0,8780
2025-01-19,2025,1,19,6,1,0,1,흐림,-1,9,10.0,5493
2025-01-20,2025,1,20,0,0,0,1,흐림,1,8,9.0,1107
2025-01-21,2025,1,21,1,0,0,1,맑음,-1,6,9.0,1186
2025-01-22,2025,1,22,2,0,0,1,흐림,1,8,9.0,853
2025-01-23,2025,1,23,3,0,0,1,맑음,-2,8,9.0,1334
2025-01-24,2025,1,24,4,0,0,1,맑음,-3,11,10.0,1300
2025-01-25,2025,1,25,5,1,0,1,맑음,1,11,11.0,7911
2025-01-26,2025,1,26,6,1,0,1,흐림,2,8,11.0,9758
2025-01-27,2025,1,27,0,0,1,1,눈,-3,5,9.0,2555
2025-01-28,2025,1,28,1,0,1,1,눈,-5,-3,9.0,1291
2025-01-29,2025,1,29,2,0,1,1,눈,-6,-1,10.0,2168
2025-01-30,2025,1,30,3,0,1,1,흐림,-8,-1,10.0,2568
2025-01-31,2025,1,31,4,0,0,1,눈,-3,1,10.0,1777
2025-02-01,2025,2,1,5,1,0,1,흐림,-2,8,11.0,5114
2025-02-02,2025,2,2,6,1,0,1,흐림,-3,7,10.0,5534
2025-02-03,2025,2,3,0,0,0,1,맑음,-8,1,9.0,730
2025-02-04,2025,2,4,1,0,0,1,맑음,-12,-5,9.0,228
2025-02-05,2025,2,5,2,0,0,1,맑음,-12,-4,9.0,370
2025-02-06,2025,2,6,3,0,0,1,눈,-12,0,9.0,533
2025-02-07,2025,2,7,4,0,0,1,눈,-11,-5,9.0,928
2025-02-08,2025,2,8,5,1,0,1,맑음,-12,-3,10.0,2780
2025-02-09,2025,2,9,6,1,0,1,맑음,-10,2,10.0,1966
2025-02-10,2025,2,10,0,0,0,1,맑음,-8,3,9.0,667
2025-02-11,2025,2,11,1,0,0,1,맑음,-6,7,9.0,1323
2025-02-12,2025,2,12,2,0,0,1,눈,-3,3,9.0,428
2025-02-13,2025,2,13,3,0,0,1,맑음,-6,6,9.0,1633
2025-02-14,2025,2,14,4,0,0,1,맑음,-2,10,10.0,2906
2025-02-15,2025,2,15,5,1,0,1,흐림,0,8,11.0,10325
2025-02-16,2025,2,16,6,1,0,1,흐림,0,10,10.0,6652
2025-02-17,2025,2,17,0,0,0,1,맑음,-3,4,9.0,2213
2025-02-18,2025,2,18,1,0,0,1,맑음,-5,3,9.0,1073
2025-02-19,2025,2,19,2,0,0,1,맑음,-6,1,9.0,1038
2025-02-20,2025,2,20,3,0,0,1,맑음,-7,2,9.0,1274
2025-02-21,2025,2,21,4,0,0,1,맑음,-6,3,10.0,1853
2025-02-22,2025,2,22,5,1,0,1,맑음,-6,3,11.0,7231
2025-02-23,2025,2,23,6,1,0,1,맑음,-7,1,10.0,5000
2025-02-24,2025,2,24,0,0,0,1,맑음,-6,5,9.0,1678
2025-02-25,2025,2,25,1,0,0,1,흐림,-3,6,9.0,1942
2025-02-26,2025,2,26,2,0,0,1,맑음,1,9,9.0,2128
2025-02-27,2025,2,27,3,0,0,1,맑음,-2,14,9.0,4819
2025-02-28,2025,2,28,4,0,0,1,흐림,4,14,10.0,5697
2025-03-01,2025,3,1,5,1,1,0,비,3,13,11.0,6969
2025-03-02,2025,3,2,6,1,0,0,눈,2,16,10.0,1859
2025-03-03,2025,3,3,0,0,1,0,비,1,7,10.0,2147
2025-03-04,2025,3,4,1,0,0,0,눈,1,3,8.0,21
2025-03-05,2025,3,5,2,0,0,0,흐림,2,9,9.0,152
2025-03-06,2025,3,6,3,0,0,0,흐림,0,10,9.0,317
2025-03-07,2025,3,7,4,0,0,0,흐림,0,11,9.0,343
2025-03-08,2025,3,8,5,1,0,0,맑음,3,11,11.0,5564
2025-03-09,2025,3,9,6,1,0,0,맑음,1,14,10.0,6071
2025-03-10,2025,3,10,0,0,0,0,맑음,2,15,9.0,464
2025-03-11,2025,3,11,1,0,0,0,흐림,3,17,9.0,387
2025-03-12,2025,3,12,2,0,0,0,비,7,12,9.0,219
2025-03-13,2025,3,13,3,0,0,0,흐림,3,15,9.0,321
2025-03-14,2025,3,14,4,0,0,0,흐림,5,20,9.0,1120
2025-03-15,2025,3,15,5,1,0,0,흐림,10,17,11.0,10703
2025-03-16,2025,3,16,6,1,0,0,비,1,10,10.0,1245
2025-03-17,2025,3,17,0,0,0,0,흐림,-1,7,9.0,210
2025-03-18,2025,3,18,1,0,0,0,눈,0,6,9.0,83
2025-03-19,2025,3,19,2,0,0,0,맑음,-2,7,9.0,1313
2025-03-20,2025,3,20,3,0,0,0,흐림,2,15,9.0,580
2025-03-21,2025,3,21,4,0,0,0,맑음,8,19,9.0,1305
2025-03-22,2025,3,22,5,1,0,0,맑음,6,20,11.0,11816
2025-03-23,2025,3,23,6,1,0,0,흐림,7,24,11.0,10075
2025-03-24,2025,3,24,0,0,0,0,흐림,12,21,11.0,1103
2025-03-25,2025,3,25,1,0,0,0,흐림,8,21,10.0,625
2025-03-26,2025,3,26,2,0,0,0,흐림,6,24,10.0,1087
2025-03-27,2025,3,27,3,0,0,0,비,7,19,10.0,552
2025-03-28,2025,3,28,4,0,0,0,흐림,3,12,10.0,1807
2025-03-29,2025,3,29,5,1,0,0,눈,1,7,11.5,7360
2025-03-30,2025,3,30,6,1,0,0,눈,-2,8,11.5,4099
2025-03-31,2025,3,31,0,0,0,0,맑음,1,14,11.0,960
2025-04-01,2025,4,1,1,0,0,0,맑음,4,17,11.0,1227
2025-04-02,2025,4,2,2,0,0,0,비,5,14,11.0,936
2025-04-03,2025,4,3,3,0,0,0,맑음,4,17,11.0,2014
2025-04-04,2025,4,4,4,0,0,0,맑음,6,16,12.0,5732
2025-04-05,2025,4,5,5,1,0,0,비,8,10,9.5,707
2025-04-06,2025,4,6,6,1,0,0,흐림,7,16,12.5,11114
2025-04-07,2025,4,7,0,0,0,0,맑음,6,20,11.0,2103
2025-04-08,2025,4,8,1,0,0,0,흐림,11,19,11.0,2253
2025-04-09,2025,4,9,2,0,0,0,비,8,18,11.0,2121
2025-04-10,2025,4,10,3,0,0,0,맑음,9,19,11.0,2791
2025-04-11,2025,4,11,4,0,0,0,맑음,8,24,12.0,10761
2025-04-12,2025,4,12,5,1,0,0,비,1,23,11.5,3708
2025-04-13,2025,4,13,6,1,0,0,비,1,8,11.5,1770
2025-04-14,2025,4,14,0,0,0,0,비,3,6,9.0,67
2025-04-15,2025,4,15,1,0,0,0,맑음,2,14,11.0,2157
2025-04-16,2025,4,16,2,0,0,0,흐림,6,22,11.0,3024
2025-04-17,2025,4,17,3,0,0,0,흐림,16,25,11.0,3058
2025-04-18,2025,4,18,4,0,0,0,흐림,15,24,12.0,6413
2025-04-19,2025,4,19,5,1,0,0,비,12,20,10.5,3278
2025-04-20,2025,4,20,6,1,0,0,맑음,10,24,12.5,13672
2025-04-21,2025,4,21,0,0,0,0,흐림,14,27,11.0,2445
2025-04-22,2025,4,22,1,0,0,0,비,14,20,8.0,447
2025-04-23,2025,4,23,2,0,0,0,흐림,11,23,11.0,3474
2025-04-24,2025,4,24,3,0,0,0,맑음,11,20,11.0,4091
2025-04-25,2025,4,25,4,0,0,0,맑음,8,18,12.0,7478
2025-04-26,2025,4,26,5,1,0,0,맑음,7,20,12.5,19655
2025-04-27,2025,4,27,6,1,0,0,흐림,11,19,12.5,11873
2025-04-28,2025,4,28,0,0,0,0,맑음,10,20,11.0,3400
2025-04-29,2025,4,29,1,0,0,0,맑음,8,21,11.0,4397
2025-04-30,2025,4,30,2,0,0,0,맑음,10,26,11.0,6610
2025-05-01,2025,5,1,3,0,0,0,비,11,18,10.5,3267
2025-05-02,2025,5,2,4,0,0,0,흐림,8,19,12.5,14380
2025-05-03,2025,5,3,5,1,0,0,비,10,14,12.5,6437
2025-05-04,2025,5,4,6,1,0,0,맑음,8,20,12.5,22605
2025-05-05,2025,5,5,0,0,1,0,비,9,15,13.5,16688
2025-05-06,2025,5,6,1,0,1,0,흐림,9,20,12.5,9525
2025-05-07,2025,5,7,2,0,0,0,맑음,10,21,11.0,2242
2025-05-08,2025,5,8,3,0,0,0,흐림,10,25,11.0,5734
2025-05-09,2025,5,9,4,0,0,0,비,14,17,9.0,3503
2025-05-10,2025,5,10,5,1,0,0,비,12,15,11.5,3420
2025-05-11,2025,5,11,6,1,0,0,흐림,11,20,12.5,9400
2025-05-12,2025,5,12,0,0,0,0,맑음,10,24,11.0,2703
2025-05-13,2025,5,13,1,0,0,0,흐림,13,26,11.0,3678
2025-05-14,2025,5,14,2,0,0,0,흐림,14,27,11.0,4241
2025-05-15,2025,5,15,3,0,0,0,비,17,22,11.0,5738
2025-05-16,2025,5,16,4,0,0,0,비,18,22,10.0,4223
2025-05-17,2025,5,17,5,1,0,0,비,15,24,12.5,14943
2025-05-18,2025,5,18,6,1,0,0,흐림,11,21,12.5,10975
2025-05-19,2025,5,19,0,0,0,0,비,11,21,11.0,1739
2025-05-20,2025,5,20,1,0,0,0,흐림,17,27,11.0,2272
2025-05-21,2025,5,21,2,0,0,0,비,22,31,11.0,3366
2025-05-22,2025,5,22,3,0,0,0,흐림,20,29,11.0,4238
2025-05-23,2025,5,23,4,0,0,0,비,15,22,12.0,7756
2025-05-24,2025,5,24,5,1,0,0,비,13,19,12.5,12606
2025-05-25,2025,5,25,6,1,0,0,맑음,12,23,12.5,11824
2025-05-26,2025,5,26,0,0,0,0,흐림,13,26,11.0,2583
2025-05-27,2025,5,27,1,0,0,0,맑음,15,27,11.0,1742
2025-05-28,2025,5,28,2,0,0,0,흐림,16,27,11.0,2516
2025-05-29,2025,5,29,3,0,0,0,맑음,15,27,11.0,3443
2025-05-30,2025,5,30,4,0,0,0,맑음,17,28,12.0,5296
2025-05-31,2025,5,31,5,1,0,0,흐림,16,27,12.5,13757
2025-06-01,2025,6,1,6,1,0,0,흐림,17,29,12.5,9595
2025-06-02,2025,6,2,0,0,0,0,비,19,23,11.0,2993
2025-06-03,2025,6,3,1,0,1,0,맑음,17,25,12.5,10928
2025-06-04,2025,6,4,2,0,0,0,맑음,15,25,11.0,2801
2025-06-05,2025,6,5,3,0,0,0,흐림,16,27,11.0,5553
2025-06-06,2025,6,6,4,0,1,0,흐림,18,30,12.5,17160
2025-06-07,2025,6,7,5,1,0,0,비,20,28,12.5,13020
2025-06-08,2025,6,8,6,1,0,0,비,21,30,12.5,7015
2025-06-09,2025,6,9,0,0,0,0,흐림,21,30,11.0,1375
2025-06-10,2025,6,10,1,0,0,0,흐림,19,25,11.0,1423
2025-06-11,2025,6,11,2,0,0,0,맑음,16,29,11.0,1851
2025-06-12,2025,6,12,3,0,0,0,흐림,18,33,11.0,1438
2025-06-13,2025,6,13,4,0,0,0,비,20,29,12.0,2901
2025-06-14,2025,6,14,5,1,0,0,흐림,20,32,12.5,17050
2025-06-15,2025,6,15,6,1,0,0,비,22,33,12.5,15383
2025-06-16,2025,6,16,0,0,0,0,비,22,25,11.0,780
2025-06-17,2025,6,17,1,0,0,0,흐림,21,30,11.0,1429
2025-06-18,2025,6,18,2,0,0,0,흐림,21,31,11.0,1686
2025-06-19,2025,6,19,3,0,0,0,흐림,21,34,11.0,1027
2025-06-20,2025,6,20,4,0,0,0,비,22,28,8.0,228
2025-06-21,2025,6,21,5,1,0,0,비,21,24,12.5,5913
2025-06-22,2025,6,22,6,1,0,0,맑음,18,29,12.5,7575
2025-06-23,2025,6,23,0,0,0,0,맑음,19,32,11.0,1476
2025-06-24,2025,6,24,1,0,0,0,비,21,28,11.0,1035
2025-06-25,2025,6,25,2,0,0,0,비,20,22,9.0,263
2025-06-26,2025,6,26,3,0,0,0,비,20,24,11.0,1236
2025-06-27,2025,6,27,4,0,0,0,흐림,21,29,12.0,2531
2025-06-28,2025,6,28,5,1,0,0,비,25,28,12.5,11911
2025-06-29,2025,6,29,6,1,0,0,비,25,30,12.5,12967
2025-06-30,2025,6,30,0,0,0,0,흐림,26,31,11.0,1565
2025-07-01,2025,7,1,1,0,0,1,비,26,32,11.0,1031
2025-07-02,2025,7,2,2,0,0,1,흐림,27,31,11.0,848
2025-07-03,2025,7,3,3,0,0,1,흐림,27,32,11.0,767
2025-07-04,2025,7,4,4,0,0,1,흐림,26,30,12.0,2284
2025-07-05,2025,7,5,5,1,0,1,흐림,26,32,12.5,6219
2025-07-06,2025,7,6,6,1,0,1,흐림,26,33,12.5,4142
2025-07-07,2025,7,7,0,0,0,1,흐림,27,33,11.0,710
2025-07-08,2025,7,8,1,0,0,1,비,27,38,11.0,498
2025-07-09,2025,7,9,2,0,0,1,흐림,27,36,11.0,850
2025-07-10,2025,7,10,3,0,0,1,맑음,27,36,11.0,889
2025-07-11,2025,7,11,4,0,0,1,맑음,25,36,12.0,1157
2025-07-12,2025,7,12,5,1,0,1,흐림,24,37,12.5,11922
2025-07-13,2025,7,13,6,1,0,1,비,26,31,12.5,7795
2025-07-14,2025,7,14,0,0,0,1,비,22,28,9.0,407
2025-07-15,2025,7,15,1,0,0,1,비,22,26,9.0,496
2025-07-16,2025,7,16,2,0,0,1,비,22,25,9.0,143
2025-07-17,2025,7,17,3,0,0,1,비,22,24,8.0,74
2025-07-18,2025,7,18,4,0,0,1,비,23,27,9.0,272
2025-07-19,2025,7,19,5,1,0,1,비,22,26,12.5,1873
2025-07-20,2025,7,20,6,1,0,1,흐림,25,31,12.5,4252
2025-07-21,2025,7,21,0,0,0,1,비,26,32,11.0,1010
2025-07-22,2025,7,22,1,0,0,1,비,27,32,11.0,839
2025-07-23,2025,7,23,2,0,0,1,흐림,26,33,11.0,955
2025-07-24,2025,7,24,3,0,0,1,흐림,26,34,11.0,995
2025-07-25,2025,7,25,4,0,0,1,맑음,26,36,12.0,1575
2025-07-26,2025,7,26,5,1,0,1,흐림,28,37,12.5,4400
2025-07-27,2025,7,27,6,1,0,1,맑음,28,38,12.5,3440
2025-07-28,2025,7,28,0,0,0,1,맑음,29,36,12.0,2219
2025-07-29,2025,7,29,1,0,0,1,흐림,28,37,12.0,2327
2025-07-30,2025,7,30,2,0,0,1,흐림,28,36,12.0,3170
2025-07-31,2025,7,31,3,0,0,1,흐림,29,35,12.0,3670
2025-08-01,2025,8,1,4,0,0,1,흐림,28,35,12.0,4103
2025-08-02,2025,8,2,5,1,0,1,흐림,27,36,12.5,4472
2025-08-03,2025,8,3,6,1,0,1,비,24,33,12.5,2993
2025-08-04,2025,8,4,0,0,0,1,비,24,34,12.0,1686
2025-08-05,2025,8,5,1,0,0,1,흐림,25,34,12.0,2211
2025-08-06,2025,8,6,2,0,0,1,비,26,29,9.0,481
2025-08-07,2025,8,7,3,0,0,1,흐림,25,32,12.0,2462
2025-08-08,2025,8,8,4,0,0,1,흐림,24,30,12.0,3150
2025-08-09,2025,8,9,5,1,0,1,비,23,26,12.5,4971
2025-08-10,2025,8,10,6,1,0,1,맑음,21,33,12.5,6483
2025-08-11,2025,8,11,0,0,0,1,흐림,25,30,12.0,2548
2025-08-12,2025,8,12,1,0,0,1,흐림,23,34,12.0,2495
2025-08-13,2025,8,13,2,0,0,1,비,22,27,9.0,152
2025-08-14,2025,8,14,3,0,0,1,비,24,27,11.0,1893
2025-08-15,2025,8,15,4,0,1,1,흐림,24,31,12.5,8816
2025-08-16,2025,8,16,5,1,0,1,흐림,26,32,12.5,10130
2025-08-17,2025,8,17,6,1,0,1,흐림,26,32,12.5,5782
2025-08-18,2025,8,18,0,0,0,1,비,27,33,11.0,1619
2025-08-19,2025,8,19,1,0,0,1,비,27,32,11.0,1160
2025-08-20,2025,8,20,2,0,0,1,흐림,27,33,11.0,889
2025-08-21,2025,8,21,3,0,0,1,흐림,27,34,11.0,884
2025-08-22,2025,8,22,4,0,0,1,맑음,26,34,12.0,1550
2025-08-23,2025,8,23,5,1,0,1,흐림,27,32,12.5,20727
2025-08-24,2025,8,24,6,1,0,1,흐림,27,35,12.5,3987
2025-08-25,2025,8,25,0,0,0,1,비,26,32,11.0,519
2025-08-26,2025,8,26,1,0,0,1,비,26,32,11.0,540
2025-08-27,2025,8,27,2,0,0,1,흐림,24,31,11.0,758
2025-08-28,2025,8,28,3,0,0,1,흐림,25,31,11.0,812
2025-08-29,2025,8,29,4,0,0,1,흐림,27,33,12.0,1517
2025-08-30,2025,8,30,5,1,0,1,흐림,26,32,12.5,8630
2025-08-31,2025,8,31,6,1,0,1,비,25,32,12.5,4402
2025-09-01,2025,9,1,0,0,0,0,비,24,28,9.0,240
2025-09-02,2025,9,2,1,0,0,0,흐림,22,31,9.0,831
2025-09-03,2025,9,3,2,0,0,0,흐림,23,32,9.0,1103
2025-09-04,2025,9,4,3,0,0,0,비,23,30,9.0,1075
2025-09-05,2025,9,5,4,0,0,0,흐림,24,33,12.0,2986
2025-09-06,2025,9,6,5,1,0,0,비,25,30,12.5,2017
2025-09-07,2025,9,7,6,1,0,0,흐림,22,28,12.5,6799
2025-09-08,2025,9,8,0,0,0,0,흐림,21,30,11.0,1015
2025-09-09,2025,9,9,1,0,0,0,흐림,21,27,11.0,807
2025-09-10,2025,9,10,2,0,0,0,맑음,18,32,11.0,1130
2025-09-11,2025,9,11,3,0,0,0,흐림,20,32,11.0,2030
2025-09-12,2025,9,12,4,0,0,0,비,21,26,11.0,1461
2025-09-13,2025,9,13,5,1,0,0,비,20,28,12.5,5849
2025-09-14,2025,9,14,6,1,0,0,흐림,22,29,12.5,9391
2025-09-15,2025,9,15,0,0,0,0,흐림,21,31,11.0,2016
2025-09-16,2025,9,16,1,0,0,0,비,22,27,9.0,708
2025-09-17,2025,9,17,2,0,0,0,비,21,24,9.0,663
2025-09-18,2025,9,18,3,0,0,0,흐림,20,26,11.0,2465
2025-09-19,2025,9,19,4,0,0,0,비,18,21,9.0,3434
2025-09-20,2025,9,20,5,1,0,0,비,18,24,12.5,15832
2025-09-21,2025,9,21,6,1,0,0,흐림,17,27,12.5,10116
2025-09-22,2025,9,22,0,0,0,0,흐림,18,25,11.0,2498
2025-09-23,2025,9,23,1,0,0,0,흐림,19,27,11.0,2931
2025-09-24,2025,9,24,2,0,0,0,비,20,24,8.0,542
2025-09-25,2025,9,25,3,0,0,0,흐림,20,26,11.0,3089
2025-09-26,2025,9,26,4,0,0,0,흐림,18,27,12.0,7527
2025-09-27,2025,9,27,5,1,0,0,흐림,18,27,12.5,14161
2025-09-28,2025,9,28,6,1,0,0,비,18,22,12.5,3461
2025-09-29,2025,9,29,0,0,0,0,흐림,17,24,11.0,2241
2025-09-30,2025,9,30,1,0,0,0,흐림,17,24,11.0,4239
2025-10-01,2025,10,1,2,0,0,0,흐림,17,26,11.0,2484
2025-10-02,2025,10,2,3,0,0,0,흐림,17,26,11.0,4425
2025-10-03,2025,10,3,4,0,1,0,비,20,22,12.5,10993
2025-10-04,2025,10,4,5,1,0,0,비,21,25,12.5,13759
2025-10-05,2025,10,5,6,1,1,0,비,21,22,12.5,4921
2025-10-06,2025,10,6,0,0,1,0,비,15,21,11.5,1737
2025-10-07,2025,10,7,1,0,1,0,비,16,20,12.5,4125
2025-10-08,2025,10,8,2,0,1,0,흐림,17,28,13.0,25876
2025-10-09,2025,10,9,3,0,1,0,흐림,17,23,12.5,17923
2025-10-10,2025,10,10,4,0,0,0,비,16,18,9.5,2138
2025-10-11,2025,10,11,5,1,0,0,비,17,24,12.5,4779
2025-10-12,2025,10,12,6,1,0,0,흐림,18,21,12.5,8041
2025-10-13,2025,10,13,0,0,0,0,비,14,18,9.0,76
2025-10-14,2025,10,14,1,0,0,0,비,14,21,11.0,1697
2025-10-15,2025,10,15,2,0,0,0,비,16,25,11.0,3310
2025-10-16,2025,10,16,3,0,0,0,비,17,25,11.0,5298
2025-10-17,2025,10,17,4,0,0,0,비,16,25,12.0,10492
2025-10-18,2025,10,18,5,1,0,0,흐림,14,19,12.5,14147
2025-10-19,2025,10,19,6,1,0,0,흐림,9,19,12.5,13084
2025-10-20,2025,10,20,0,0,0,0,흐림,5,17,11.0,2586
2025-10-21,2025,10,21,1,0,0,0,흐림,5,14,11.0,4745
2025-10-22,2025,10,22,2,0,0,0,흐림,7,19,11.0,4380
2025-10-23,2025,10,23,3,0,0,0,흐림,12,20,11.0,7162
2025-10-24,2025,10,24,4,0,0,0,흐림,11,22,12.0,14659
2025-10-25,2025,10,25,5,1,0,0,흐림,13,18,12.5,18270
2025-10-26,2025,10,26,6,1,0,0,비,11,14,12.5,9254
2025-10-27,2025,10,27,0,0,0,0,맑음,4,12,11.0,2177
2025-10-28,2025,10,28,1,0,0,0,맑음,3,14,11.0,2788
2025-10-29,2025,10,29,2,0,0,0,맑음,6,18,11.0,4677
2025-10-30,2025,10,30,3,0,0,0,흐림,8,18,11.0,4816
2025-10-31,2025,10,31,4,0,0,0,흐림,11,21,12.0,7208
2025-11-01,2025,11,1,5,1,0,0,흐림,11,18,12.5,19537
2025-11-02,2025,11,2,6,1,0,0,맑음,4,12,12.5,7602
2025-11-03,2025,11,3,0,0,0,0,맑음,1,15,11.0,1802
2025-11-04,2025,11,4,1,0,0,0,맑음,6,16,11.0,1869
2025-11-05,2025,11,5,2,0,0,0,맑음,6,19,11.0,2044
2025-11-06,2025,11,6,3,0,0,0,흐림,7,19,11.0,2693
2025-11-07,2025,11,7,4,0,0,0,맑음,8,20,11.0,6422
2025-11-08,2025,11,8,5,1,0,0,흐림,12,17,12.5,14001
2025-11-09,2025,11,9,6,1,0,0,맑음,10,18,11.5,9058
2025-11-10,2025,11,10,0,0,0,0,맑음,5,13,10.0,2722
2025-11-11,2025,11,11,1,0,0,0,흐림,4,15,10.0,1547
2025-11-12,2025,11,12,2,0,0,0,맑음,6,18,10.0,1957
2025-11-13,2025,11,13,3,0,0,0,흐림,7,18,10.0,2947
2025-11-14,2025,11,14,4,0,0,0,맑음,5,15,10.0,4787
2025-11-15,2025,11,15,5,1,0,0,맑음,4,18,11.0,11938
2025-11-16,2025,11,16,6,1,0,0,비,6,19,10.0,7906
2025-11-17,2025,11,17,0,0,0,0,흐림,-1,10,9.0,1028
2025-11-18,2025,11,18,1,0,0,0,맑음,-2,7,9.0,1044
2025-11-19,2025,11,19,2,0,0,0,맑음,-2,9,9.0,630
2025-11-20,2025,11,20,3,0,0,0,흐림,2,15,9.0,1069
2025-11-21,2025,11,21,4,0,0,0,흐림,1,13,10.0,1918
2025-11-22,2025,11,22,5,1,0,0,흐림,5,15,11.0,9015
2025-11-23,2025,11,23,6,1,0,0,흐림,7,14,10.0,5688
2025-11-24,2025,11,24,0,0,0,0,비,10,17,9.0,916
2025-11-25,2025,11,25,1,0,0,0,비,5,10,9.0,355
2025-11-26,2025,11,26,2,0,0,0,흐림,4,11,9.0,1881
2025-11-27,2025,11,27,3,0,0,0,비,3,9,9.0,360
2025-11-28,2025,11,28,4,0,0,0,맑음,-1,7,9.0,1439
2025-11-29,2025,11,29,5,1,0,0,흐림,0,9,11.0,7703
2025-11-30,2025,11,30,6,1,0,0,흐림,9,16,10.0,6402
2025-12-01,2025,12,1,0,0,0,0,맑음,2,12,9.0,917
2025-12-02,2025,12,2,1,0,0,0,맑음,-5,3,9.0,376
2025-12-03,2025,12,3,2,0,0,0,맑음,-3,-8,9.0,258
2025-12-04,2025,12,4,3,0,0,0,맑음,-9,4,9.0,169
2025-12-05,2025,12,5,4,0,0,0,맑음,-7,3,9.0,294
2025-12-06,2025,12,6,5,1,0,0,비,-2,5,11.0,2377
2025-12-07,2025,12,7,6,1,0,0,맑음,3,13,10.0,4136
2025-12-08,2025,12,8,0,0,0,0,맑음,1,7,9.0,445
2025-12-09,2025,12,9,1,0,0,0,흐림,-2,9,9.0,608
2025-12-10,2025,12,10,2,0,0,0,흐림,1,9,9.0,1032
2025-12-11,2025,12,11,3,0,0,0,흐림,-2,8,9.0,500
2025-12-12,2025,12,12,4,0,0,0,흐림,-4,7,9.0,962
2025-12-13,2025,12,13,5,1,0,0,비,-1,5,8.0,371
2025-12-14,2025,12,14,6,1,0,0,흐림,-2,3,10.0,1865
2025-12-15,2025,12,15,0,0,0,0,흐림,-4,5,9.0,422
2025-12-16,2025,12,16,1,0,0,0,비,2,5,9.0,287
2025-12-17,2025,12,17,2,0,0,0,흐림,1,8,9.0,685
2025-12-18,2025,12,18,3,0,0,0,맑음,-2,9,9.0,827
2025-12-19,2025,12,19,4,0,0,0,흐림,-1,10,9.0,1683
2025-12-20,2025,12,20,5,1,0,0,비,1,11,11.0,2907
2025-12-21,2025,12,21,6,1,0,0,흐림,-3,3,10.0,2763
2025-12-22,2025,12,22,0,0,0,0,흐림,-6,5,9.0,950
2025-12-23,2025,12,23,1,0,0,0,비,0,4,9.0,272
2025-12-24,2025,12,24,2,0,0,0,흐림,-1,6,10.0,2020
2025-12-25,2025,12,25,3,0,1,0,맑음,-9,0,11.0,7750
2025-12-26,2025,12,26,4,0,0,0,맑음,-12,-4,9.0,427
2025-12-27,2025,12,27,5,1,0,0,흐림,-8,1,11.0,5604
2025-12-28,2025,12,28,6,1,0,0,비,0,6,10.0,4861
2025-12-29,2025,12,29,0,0,0,0,흐림,0,9,9.0,2337
2025-12-30,2025,12,30,1,0,0,0,맑음,-4,4,9.0,2274
2025-12-31,2025,12,31,2,0,0,0,맑음,-9,-1,10.0,1881
